FECHA,HORA,Unnamed: 2,Unnamed: 3,HORA (HHMM),Unnamed: 2,Unnamed: 3,HORA (HHMM),Registros validados,Registros preliminares,Registros no validados
171001,,,,100.0,"6,6",,0.0,14.0,,
171002,,,,0.0,"8,2",,0.0,31.0,,
171003,,,,0.0,"4,3",,0.0,52.0,,
171004,,,,0.0,5,,0.0,30.0,,
171005,,,,0.0,"6,9",,0.0,29.0,,
171006,,,,0.0,"2,8",,0.0,15.0,,
171007,,,,0.0,"6,8",,0.0,20.0,,
171008,,,,0.0,"6,5",,0.0,46.0,,
171009,,,,0.0,"1,2",,0.0,25.0,,
171010,,,,0.0,"3,9",,0.0,59.0,,
171011,,,,0.0,"1,7",,0.0,42.0,,
171012,,,,0.0,"5,9",,0.0,27.0,,
171013,,,,0.0,"8,60001",,0.0,15.0,,
171014,,,,0.0,"10,1",,0.0,11.0,,
171015,,,,0.0,"8,60001",,0.0,15.0,,
171016,,,,0.0,"7,6",,0.0,17.0,,
171017,,,,0.0,"5,3",,0.0,24.0,,
171018,,,,0.0,"3,5",,0.0,23.0,,
171019,,,,0.0,4,,0.0,20.0,,
171020,,,,0.0,"4,1",,0.0,34.0,,
171021,,,,0.0,"3,4",,0.0,22.0,,
171022,,,,0.0,"5,8",,0.0,28.0,,
171023,,,,0.0,"6,9",,0.0,26.0,,
171024,,,,0.0,"3,9",,0.0,22.0,,
171025,,,,0.0,"6,4",,0.0,16.0,,
171026,,,,0.0,"7,3",,0.0,16.0,,
171027,,,,0.0,"7,3",,0.0,19.0,,
171028,,,,0.0,"4,3",,0.0,17.0,,
171029,,,,0.0,"4,3",,0.0,23.0,,
171030,,,,0.0,"6,3",,0.0,17.0,,
171031,,,,0.0,"5,6",,0.0,48.0,,
171101,,,,0.0,"8,10001",,0.0,18.0,,
171102,,,,0.0,"8,39999",,0.0,19.0,,
171103,,,,0.0,"7,7",,0.0,28.0,,
171104,,,,0.0,"8,2",,0.0,23.0,,
171105,,,,0.0,"7,5",,0.0,27.0,,
171106,,,,0.0,"10,5",,0.0,18.0,,
171107,,,,0.0,"9,5",,0.0,23.0,,
171108,,,,0.0,"8,10001",,0.0,29.0,,
171109,,,,0.0,"7,3",,0.0,18.0,,
171110,,,,0.0,"6,9",,0.0,20.0,,
171111,,,,0.0,"8,8",,0.0,22.0,,
171112,,,,0.0,9,,0.0,15.0,,
171113,,,,0.0,"7,1",,0.0,15.0,,
171114,,,,0.0,"5,5",,0.0,14.0,,
171115,,,,0.0,"5,9",,0.0,12.0,,
171116,,,,0.0,"9,8",,0.0,12.0,,
171117,,,,0.0,"5,5",,0.0,14.0,,
171118,,,,0.0,"6,8",,0.0,15.0,,
171119,,,,0.0,"4,5",,0.0,17.0,,
171120,,,,0.0,"5,5",,0.0,16.0,,
171121,,,,0.0,"6,8",,0.0,20.0,,
171122,,,,0.0,"8,5",,0.0,13.0,,
171123,,,,0.0,6,,0.0,15.0,,
171124,,,,0.0,"7,2",,0.0,12.0,,
171125,,,,0.0,"8,8",,0.0,11.0,,
171126,,,,0.0,11,,0.0,19.0,,
171127,,,,0.0,"5,7",,0.0,13.0,,
171128,,,,0.0,"10,3",,0.0,8.0,,
171129,,,,0.0,"12,6",,0.0,12.0,,
171130,,,,0.0,"8,7",,0.0,18.0,,
171201,,,,0.0,"7,7",,0.0,15.0,,
171202,,,,0.0,"10,3",,0.0,13.0,,
171203,,,,0.0,13,,0.0,9.0,,
171204,,,,0.0,16,,0.0,8.0,,
171205,,,,0.0,"12,7",,0.0,6.0,,
171206,,,,0.0,"12,9",,0.0,7.0,,
171207,,,,0.0,"11,9",,0.0,10.0,,
171208,,,,0.0,"9,60001",,0.0,9.0,,
171209,,,,0.0,"8,89999",,0.0,9.0,,
171210,,,,0.0,"11,5",,0.0,7.0,,
171211,,,,0.0,"12,4",,0.0,7.0,,
171212,,,,0.0,"14,4",,0.0,5.0,,
171213,,,,0.0,"12,4",,0.0,8.0,,
171214,,,,0.0,"12,7",,0.0,10.0,,
171215,,,,0.0,"10,6",,0.0,15.0,,
171216,,,,0.0,8,,0.0,13.0,,
171217,,,,0.0,"4,4",,0.0,10.0,,
171218,,,,0.0,8,,0.0,11.0,,
171219,,,,0.0,"10,4",,0.0,11.0,,
171220,,,,0.0,"12,5",,0.0,13.0,,
171221,,,,0.0,"5,8",,0.0,24.0,,
171222,,,,0.0,"4,6",,0.0,18.0,,
171223,,,,0.0,"3,6",,0.0,12.0,,
171224,,,,0.0,"7,6",,0.0,10.0,,
171225,,,,0.0,"14,5",,0.0,,,
171226,,,,0.0,"9,10001",,0.0,8.0,,
171227,,,,0.0,"8,60001",,0.0,15.0,,
171228,,,,0.0,"13,8",,0.0,9.0,,
171229,,,,0.0,"13,1",,0.0,11.0,,
171230,,,,0.0,"7,5",,0.0,11.0,,
171231,,,,0.0,"7,3",,0.0,13.0,,
180101,,,,0.0,"7,9",,0.0,12.0,,
180102,,,,0.0,"10,7",,0.0,9.0,,
180103,,,,0.0,"10,1",,0.0,12.0,,
180104,,,,0.0,8,,0.0,14.0,,
180105,,,,0.0,"6,5",,0.0,10.0,,
180106,,,,0.0,"9,89999",,0.0,10.0,,
180107,,,,0.0,"12,4",,0.0,7.0,,
180108,,,,0.0,"15,7",,0.0,6.0,,
180109,,,,0.0,"14,3",,0.0,6.0,,
180110,,,,0.0,"12,1",,0.0,7.0,,
180111,,,,0.0,"14,8",,0.0,5.0,,
180112,,,,0.0,"12,3",,0.0,9.0,,
180113,,,,0.0,"7,9",,0.0,10.0,,
180114,,,,0.0,"9,39999",,0.0,7.0,,
180115,,,,0.0,"9,8",,0.0,9.0,,
180116,,,,0.0,"11,6",,0.0,7.0,,
180117,,,,0.0,"10,7",,0.0,8.0,,
180118,,,,0.0,"13,7",,0.0,7.0,,
180119,,,,0.0,"11,9",,0.0,,,6.0
180120,,,,0.0,"15,7",,0.0,,,3.0
180121,,,,0.0,"13,7",,0.0,,,2.0
180122,,,,0.0,"11,9",,0.0,,,3.0
180123,,,,0.0,"7,3",,0.0,10.0,,
180124,,,,0.0,"7,7",,0.0,9.0,,
180125,,,,0.0,"12,1",,0.0,7.0,,
180126,,,,0.0,"13,2",,0.0,6.0,,
180127,,,,0.0,"11,6",,0.0,6.0,,
180128,,,,0.0,"11,5",,0.0,6.0,,
180129,,,,0.0,"11,5",,0.0,5.0,,
180130,,,,0.0,"11,1",,0.0,9.0,,
180131,,,,0.0,8,,0.0,7.0,,
180201,,,,0.0,"10,5",,0.0,5.0,,
180202,,,,0.0,14,,0.0,4.0,,
180203,,,,0.0,"15,6",,0.0,7.0,,
180204,,,,0.0,"14,4",,0.0,4.0,,
180205,,,,0.0,"17,2",,0.0,5.0,,
180206,,,,0.0,"14,2",,0.0,8.0,,
180207,,,,0.0,"13,7",,0.0,8.0,,
180208,,,,0.0,"9,2",,0.0,14.0,,
180209,,,,0.0,"4,1",,0.0,16.0,,
180210,,,,0.0,"5,5",,0.0,16.0,,
180211,,,,0.0,"5,3",,0.0,16.0,,
180212,,,,0.0,"10,6",,0.0,5.0,,
180213,,,,0.0,"10,7",,0.0,4.0,,
180214,,,,0.0,"15,7",,0.0,8.0,,
180215,,,,0.0,"15,1",,0.0,4.0,,
180216,,,,0.0,"15,3",,0.0,5.0,,
180217,,,,0.0,"14,7",,0.0,6.0,,
180218,,,,0.0,15,,0.0,7.0,,
180219,,,,0.0,"8,60001",,0.0,11.0,,
180220,,,,0.0,"9,3",,0.0,10.0,,
180221,,,,0.0,"10,4",,0.0,13.0,,
180222,,,,0.0,"8,89999",,0.0,8.0,,
180223,,,,0.0,10,,0.0,11.0,,
180224,,,,0.0,"10,6",,0.0,7.0,,
180225,,,,0.0,"12,7",,0.0,4.0,,
180226,,,,0.0,"13,2",,0.0,6.0,,
180227,,,,0.0,"11,5",,0.0,8.0,,
180228,,,,0.0,"13,1",,0.0,4.0,,
180301,,,,0.0,"10,5",,0.0,5.0,,
180302,,,,0.0,"11,5",,0.0,6.0,,
180303,,,,0.0,"11,6",,0.0,16.0,,
180304,,,,0.0,"6,7",,0.0,19.0,,
180305,,,,0.0,"10,5",,0.0,7.0,,
180306,,,,0.0,12,,0.0,7.0,,
180307,,,,0.0,"14,3",,0.0,12.0,,
180308,,,,0.0,"13,7",,0.0,10.0,,
180309,,,,0.0,8,,0.0,17.0,,
180310,,,,0.0,"6,3",,0.0,13.0,,
180311,,,,0.0,"9,3",,0.0,13.0,,
180312,,,,0.0,"9,10001",,0.0,16.0,,
180313,,,,0.0,"6,4",,0.0,19.0,,
180314,,,,0.0,"4,6",,0.0,21.0,,
180315,,,,0.0,"6,9",,0.0,20.0,,
180316,,,,0.0,"7,7",,0.0,32.0,,
180317,,,,0.0,"6,3",,0.0,28.0,,
180318,,,,0.0,"7,8",,0.0,11.0,,
180319,,,,0.0,9,,0.0,30.0,,
180320,,,,0.0,"-0,1",,0.0,95.0,,
180321,,,,0.0,"4,3",,0.0,71.0,,
180322,,,,0.0,"7,6",,0.0,20.0,,
180323,,,,0.0,9,,0.0,34.0,,
180324,,,,0.0,"3,2",,0.0,34.0,,
180325,,,,0.0,"6,3",,0.0,16.0,,
180326,,,,0.0,8,,0.0,22.0,,
180327,,,,0.0,"10,3",,0.0,25.0,,
180328,,,,0.0,"11,4525",,0.0,20.0,,
180329,,,,0.0,"6,79175",,0.0,20.0,,
180330,,,,0.0,"8,36668",,0.0,12.0,,
180331,,,,0.0,"8,15585",,0.0,18.0,,
180401,,,,0.0,"7,6421",,0.0,13.0,,
180402,,,,0.0,"11,0758",,0.0,17.0,,
180403,,,,0.0,"12,51",,0.0,35.0,,
180404,,,,0.0,"8,47786",,0.0,28.0,,
180405,,,,0.0,"1,98125",,0.0,26.0,,
180406,,,,0.0,"4,17159",,0.0,39.0,,
180407,,,,0.0,"5,67893",,0.0,41.0,,
180408,,,,0.0,"3,23418",,0.0,54.0,,
180409,,,,0.0,"3,84318",,0.0,59.0,,
180410,,,,0.0,"8,24187",,0.0,30.0,,
180411,,,,0.0,"3,42481",,0.0,35.0,,
180412,,,,0.0,"4,28305",,0.0,41.0,,
180413,,,,0.0,"1,00376",,0.0,67.0,,
180414,,,,0.0,"7,28607",,0.0,30.0,,
180415,,,,0.0,"10,8996",,0.0,30.0,,
180416,,,,0.0,"12,3753",,0.0,28.0,,
180417,,,,0.0,"4,88322",,0.0,15.0,,
180418,,,,0.0,"10,2184",,0.0,18.0,,
180419,,,,0.0,"13,7633",,0.0,33.0,,
180420,,,,0.0,"8,32552",,0.0,29.0,,
180421,,,,0.0,"6,92873",,0.0,31.0,,
180422,,,,0.0,"4,62763",,0.0,27.0,,
180423,,,,0.0,"4,63435",,0.0,25.0,,
180424,,,,0.0,"5,90161",,0.0,38.0,,
180425,,,,0.0,"6,31293",,0.0,86.0,,
180426,,,,0.0,"6,56171",,0.0,39.0,,
180427,,,,0.0,"4,49731",,0.0,45.0,,
180428,,,,0.0,"5,04435",,0.0,43.0,,
180429,,,,0.0,"2,19809",,0.0,49.0,,
180430,,,,0.0,"2,32759",,0.0,122.0,,
180501,,,,0.0,"3,56754",,0.0,62.0,,
180502,,,,0.0,"4,77164",,0.0,77.0,,
180503,,,,0.0,"6,07352",,0.0,27.0,,
180504,,,,0.0,"4,18176",,0.0,76.0,,
180505,,,,0.0,"0,0990871",,0.0,139.0,,
180506,,,,0.0,"-1,67404",,0.0,217.0,,
180507,,,,0.0,"3,31544",,0.0,151.0,,
180508,,,,0.0,"8,86255",,0.0,26.0,,
180509,,,,0.0,"9,83456",,0.0,26.0,,
180510,,,,0.0,"9,87785",,0.0,,,
180511,,,,0.0,"9,3763",,0.0,52.0,,
180512,,,,0.0,"2,52228",,0.0,109.0,,
180513,,,,0.0,"1,29893",,0.0,95.0,,
180514,,,,0.0,"2,90561",,0.0,61.0,,
180515,,,,0.0,"3,53417",,0.0,105.0,,
180516,,,,0.0,"0,659685",,0.0,69.0,,
180517,,,,0.0,"3,53128",,0.0,97.0,,
180518,,,,0.0,"2,44901",,0.0,120.0,,
180519,,,,0.0,"6,10354",,0.0,56.0,,
180520,,,,0.0,"7,02697",,0.0,36.0,,
180521,,,,0.0,"5,77795",,0.0,19.0,,
180522,,,,0.0,"6,68038",,0.0,32.0,,
180523,,,,0.0,"6,20528",,0.0,36.0,,
180524,,,,0.0,"7,59202",,0.0,38.0,,
180525,,,,0.0,"9,01865",,0.0,78.0,,
180526,,,,0.0,"5,94329",,0.0,27.0,,
180527,,,,0.0,"4,69923",,0.0,110.0,,
180528,,,,0.0,"2,95526",,0.0,48.0,,
180529,,,,0.0,"4,24572",,0.0,57.0,,
180530,,,,0.0,"2,63132",,0.0,47.0,,
180531,,,,0.0,"0,811348",,0.0,36.0,,
180601,,,,0.0,"-0,670506",,0.0,211.0,,
180602,,,,0.0,"-3,85593",,0.0,405.0,,
180603,,,,0.0,"-4,22344",,0.0,321.0,,
180604,,,,0.0,"-3,06891",,0.0,169.0,,
180605,,,,0.0,"1,98803",,0.0,127.0,,
180606,,,,0.0,"5,2823",,0.0,93.0,,
180607,,,,0.0,"2,18576",,0.0,137.0,,
180608,,,,0.0,"1,20699",,0.0,67.0,,
180609,,,,0.0,"1,44178",,0.0,172.0,,
180610,,,,0.0,"-0,416174",,0.0,306.0,,
180611,,,,0.0,"-5,02606",,0.0,210.0,,
180612,,,,0.0,"-2,19751",,0.0,350.0,,
180613,,,,0.0,"-4,91444",,0.0,261.0,,
180614,,,,0.0,"-6,66859",,0.0,239.0,,
180615,,,,0.0,"-3,40457",,0.0,90.0,,
180616,,,,0.0,"6,77847",,0.0,76.0,,
180617,,,,0.0,"7,70419",,0.0,107.0,,
180618,,,,0.0,"5,2464",,0.0,85.0,,
180619,,,,0.0,"2,83791",,0.0,38.0,,
180620,,,,0.0,"3,7735",,0.0,52.0,,
180621,,,,0.0,"2,38553",,0.0,39.0,,
180622,,,,0.0,"4,52161",,0.0,68.0,,
180623,,,,0.0,"-0,181089",,0.0,84.0,,
180624,,,,0.0,"2,65774",,0.0,36.0,,
180625,,,,0.0,"3,29873",,0.0,63.0,,
180626,,,,0.0,"2,40053",,0.0,57.0,,
180627,,,,0.0,"-0,513503",,0.0,66.0,,
180628,,,,0.0,"0,205926",,0.0,59.0,,
180629,,,,0.0,"2,96392",,0.0,53.0,,
180630,,,,0.0,"0,561515",,0.0,100.0,,
180701,,,,0.0,"-0,855424",,0.0,91.0,,
180702,,,,0.0,"-3,53718",,0.0,207.0,,
180703,,,,0.0,"-5,58566",,0.0,370.0,,
180704,,,,0.0,"-4,36235",,0.0,224.0,,
180705,,,,0.0,"-0,704515",,0.0,126.0,,
180706,,,,0.0,"0,867507",,0.0,205.0,,
180707,,,,0.0,"-2,45276",,0.0,286.0,,
180708,,,,0.0,"-3,37776",,0.0,264.0,,
180709,,,,0.0,"-3,11593",,0.0,373.0,,
180710,,,,0.0,"2,22756",,0.0,119.0,,
180711,,,,0.0,"4,21931",,0.0,83.0,,
180712,,,,0.0,"2,60184",,0.0,60.0,,
180713,,,,0.0,"6,07884",,0.0,78.0,,
180714,,,,0.0,"3,28616",,0.0,78.0,,
180715,,,,0.0,"0,804179",,0.0,96.0,,
180716,,,,0.0,"-0,52009",,0.0,58.0,,
180717,,,,0.0,"-2,98151",,0.0,110.0,,
180718,,,,0.0,"-0,0416688",,0.0,45.0,,
180719,,,,0.0,"-1,17887",,0.0,53.0,,
180720,,,,0.0,"-2,93177",,0.0,89.0,,
180721,,,,0.0,"3,17395",,0.0,65.0,,
180722,,,,0.0,"-0,280085",,0.0,53.0,,
180723,,,,0.0,"3,50316",,0.0,37.0,,
180724,,,,0.0,"3,2385",,0.0,94.0,,
180725,,,,0.0,"1,62411",,0.0,111.0,,
180726,,,,0.0,"0,531091",,0.0,370.0,,
180727,,,,0.0,"-1,36318",,0.0,116.0,,
180728,,,,0.0,"4,24626",,0.0,37.0,,
180729,,,,0.0,,,0.0,29.0,,
180730,,,,0.0,"2,05106",,0.0,41.0,,
180731,,,,0.0,"3,68236",,0.0,23.0,,
180801,,,,0.0,"3,97893",,0.0,84.0,,
180802,,,,0.0,"-0,540622",,0.0,206.0,,
180803,,,,0.0,"4,1342",,0.0,34.0,,
180804,,,,0.0,"5,28246",,0.0,51.0,,
180805,,,,0.0,"5,79122",,0.0,38.0,,
180806,,,,0.0,"6,39635",,0.0,90.0,,
180807,,,,0.0,"1,543",,0.0,76.0,,
180808,,,,0.0,"3,5763",,0.0,147.0,,
180809,,,,0.0,"3,9233",,0.0,132.0,,
180810,,,,0.0,"2,94436",,0.0,133.0,,
180811,,,,0.0,"-0,00616668",,0.0,217.0,,
180812,,,,0.0,"1,64855",,0.0,177.0,,
180813,,,,0.0,"2,37533",,0.0,83.0,,
180814,,,,0.0,"4,27071",,0.0,29.0,,
180815,,,,0.0,"5,86073",,0.0,26.0,,
180816,,,,0.0,"8,00079",,0.0,31.0,,
180817,,,,0.0,"6,3955",,0.0,48.0,,
180818,,,,0.0,"-0,0268339",,0.0,51.0,,
180819,,,,0.0,"0,986264",,0.0,43.0,,
180820,,,,0.0,"1,46326",,0.0,107.0,,
180821,,,,0.0,"4,3382",,0.0,93.0,,
180822,,,,0.0,"2,43192",,0.0,99.0,,
180823,,,,0.0,"3,6046",,0.0,32.0,,
180824,,,,0.0,"0,987764",,0.0,48.0,,
180825,,,,0.0,"3,34795",,0.0,46.0,,
180826,,,,0.0,"6,92585",,0.0,26.0,,
180827,,,,0.0,"6,54737",,0.0,25.0,,
180828,,,,0.0,"4,62563",,0.0,55.0,,
180829,,,,0.0,"-0,946099",,0.0,60.0,,
180830,,,,0.0,"1,14809",,0.0,134.0,,
180831,,,,0.0,"-1,06001",,0.0,218.0,,
180901,,,,0.0,"-0,906187",,0.0,75.0,,
180902,,,,0.0,"1,76246",,0.0,30.0,,
180903,,,,0.0,"2,97781",,0.0,70.0,,
180904,,,,0.0,"1,3419",,0.0,,,
180905,,,,0.0,"4,31852",,0.0,91.0,,
180906,,,,0.0,"4,51062",,0.0,26.0,,
180907,,,,0.0,"3,70994",,0.0,27.0,,
180908,,,,0.0,"3,97706",,0.0,30.0,,
180909,,,,0.0,"5,46664",,0.0,60.0,,
180910,,,,0.0,"2,77368",,0.0,55.0,,
180911,,,,0.0,"6,52924",,0.0,24.0,,
180912,,,,0.0,"5,06357",,0.0,18.0,,
180913,,,,0.0,"6,32298",,0.0,15.0,,
180914,,,,0.0,"7,68864",,0.0,19.0,,
180915,,,,0.0,"7,16319",,0.0,26.0,,
180916,,,,0.0,"6,32693",,0.0,37.0,,
180917,,,,0.0,"6,6963",,0.0,27.0,,
180918,,,,0.0,"4,11275",,0.0,31.0,,
180919,,,,0.0,"5,37489",,0.0,33.0,,
180920,,,,0.0,"3,80509",,0.0,43.0,,
180921,,,,0.0,"3,3728",,0.0,30.0,,
180922,,,,0.0,"3,10115",,0.0,35.0,,
180923,,,,0.0,"4,86794",,0.0,26.0,,
180924,,,,0.0,"3,35801",,0.0,55.0,,
180925,,,,0.0,"2,41559",,0.0,55.0,,
180926,,,,0.0,"1,31231",,0.0,35.0,,
180927,,,,0.0,"6,42242",,0.0,57.0,,
180928,,,,0.0,"6,39249",,0.0,35.0,,
180929,,,,0.0,"6,50098",,0.0,43.0,,
180930,,,,0.0,"-1,44476",,0.0,33.0,,
181001,,,,0.0,"1,45105",,0.0,25.0,,
181002,,,,0.0,"2,58901",,0.0,21.0,,
181003,,,,0.0,"4,369",,0.0,37.0,,
181004,,,,0.0,"4,40739",,0.0,23.0,,
181005,,,,0.0,"3,89809",,0.0,60.0,,
181006,,,,0.0,"7,09267",,0.0,25.0,,
181007,,,,0.0,"6,70799",,0.0,29.0,,
181008,,,,0.0,"4,89381",,0.0,27.0,,
181009,,,,0.0,"2,04453",,0.0,28.0,,
181010,,,,0.0,"3,73592",,0.0,26.0,,
181011,,,,0.0,"3,57119",,0.0,23.0,,
181012,,,,0.0,"4,61374",,0.0,17.0,,
181013,,,,0.0,"6,30034",,0.0,11.0,,
181014,,,,0.0,"8,72678",,0.0,13.0,,
181015,,,,0.0,"6,35535",,0.0,20.0,,
181016,,,,0.0,"3,3006",,0.0,86.0,,
181017,,,,0.0,"0,188007",,0.0,53.0,,
181018,,,,0.0,"5,246",,0.0,19.0,,
181019,,,,0.0,"6,55331",,0.0,21.0,,
181020,,,,0.0,"5,60877",,0.0,40.0,,
181021,,,,0.0,"4,79577",,0.0,22.0,,
181022,,,,0.0,"6,36247",,0.0,40.0,,
181023,,,,0.0,"4,35839",,0.0,83.0,,
181024,,,,0.0,"5,0723",,0.0,47.0,,
181025,,,,0.0,"8,28188",,0.0,21.0,,
181026,,,,0.0,"10,3339",,0.0,18.0,,
181027,,,,0.0,"9,87862",,0.0,17.0,,
181028,,,,0.0,"10,1735",,0.0,14.0,,
181029,,,,0.0,"10,8968",,0.0,9.0,,
181030,,,,0.0,"9,01338",,0.0,25.0,,
181031,,,,0.0,"1,66855",,0.0,42.0,,
181101,,,,0.0,"4,90549",,0.0,28.0,,
181102,,,,0.0,"6,21317",,0.0,20.0,,
181103,,,,0.0,"8,57178",,0.0,15.0,,
181104,,,,0.0,"5,75636",,0.0,15.0,,
181105,,,,0.0,"3,68559",,0.0,31.0,,
181106,,,,0.0,"3,5966",,0.0,30.0,,
181107,,,,0.0,"3,1389",,0.0,22.0,,
181108,,,,0.0,"9,49178",,0.0,18.0,,
181109,,,,0.0,"9,2375",,0.0,32.0,,
181110,,,,0.0,"7,4947",,0.0,29.0,,
181111,,,,0.0,"9,25949",,0.0,16.0,,
181112,,,,0.0,"11,5294",,0.0,10.0,,
181113,,,,0.0,"10,2093",,0.0,9.0,,
181114,,,,0.0,"9,60504",,0.0,12.0,,
181115,,,,0.0,"4,05902",,0.0,12.0,,
181116,,,,0.0,"5,03014",,0.0,11.0,,
181117,,,,0.0,"5,2851",,0.0,9.0,,
181118,,,,0.0,"7,10098",,0.0,,,
181119,,,,0.0,"10,2934",,0.0,,,
181120,,,,0.0,"6,74223",,0.0,22.0,,
181121,,,,0.0,"5,65904",,0.0,32.0,,
181122,,,,0.0,"5,1436",,0.0,13.0,,
181123,,,,0.0,"7,32156",,0.0,10.0,,
181124,,,,0.0,"7,3037",,0.0,11.0,,
181125,,,,0.0,"7,53852",,0.0,17.0,,
181126,,,,0.0,"7,23623",,0.0,13.0,,
181127,,,,0.0,"7,8625",,0.0,9.0,,
181128,,,,0.0,"10,8209",,0.0,7.0,,
181129,,,,0.0,"11,5567",,0.0,8.0,,
181130,,,,0.0,"7,44215",,0.0,11.0,,
181201,,,,0.0,"6,64092",,0.0,13.0,,
181202,,,,0.0,"9,8694",,0.0,8.0,,
181203,,,,0.0,"12,1243",,0.0,9.0,,
181204,,,,0.0,"11,2318",,0.0,7.0,,
181205,,,,0.0,"11,0145",,0.0,14.0,,
181206,,,,0.0,"13,9104",,0.0,7.0,,
181207,,,,0.0,"15,9911",,0.0,6.0,,
181208,,,,0.0,"18,1919",,0.0,5.0,,
181209,,,,0.0,"13,7117",,0.0,4.0,,
181210,,,,0.0,"11,1871",,0.0,7.0,,
181211,,,,0.0,"8,9279",,0.0,7.0,,
181212,,,,0.0,"8,51996",,0.0,7.0,,
181213,,,,0.0,"8,41428",,0.0,10.0,,
181214,,,,0.0,"8,71504",,0.0,9.0,,
181215,,,,0.0,"9,36707",,0.0,6.0,,
181216,,,,0.0,"14,0128",,0.0,8.0,,
181217,,,,0.0,"7,32256",,0.0,11.0,,
181218,,,,0.0,"8,28877",,0.0,7.0,,
181219,,,,0.0,"10,06",,0.0,6.0,,
181220,,,,0.0,"12,0781",,0.0,5.0,,
181221,,,,0.0,"11,975",,0.0,6.0,,
181222,,,,0.0,"12,3435",,0.0,8.0,,
181223,,,,0.0,"11,6059",,0.0,7.0,,
181224,,,,0.0,"14,2408",,0.0,9.0,,
181225,,,,0.0,"9,80281",,0.0,9.0,,
181226,,,,0.0,"10,5622",,0.0,7.0,,
181227,,,,0.0,"12,0611",,0.0,5.0,,
181228,,,,0.0,"9,5695",,0.0,6.0,,
181229,,,,0.0,"10,9085",,0.0,10.0,,
181230,,,,0.0,"6,1422",,0.0,6.0,,
181231,,,,0.0,"12,8522",,0.0,13.0,,
190101,,,,0.0,"5,62309",,0.0,16.0,,
190102,,,,0.0,"4,28014",,0.0,11.0,,
190103,,,,0.0,"6,34035",,0.0,5.0,,
190104,,,,0.0,"13,2007",,0.0,6.0,,
190105,,,,0.0,"11,5678",,0.0,7.0,,
190106,,,,0.0,"10,201",,0.0,8.0,,
190107,,,,0.0,"6,12538",,0.0,16.0,,
190108,,,,0.0,"3,74834",,0.0,14.0,,
190109,,,,0.0,"1,85217",,0.0,15.0,,
190110,,,,0.0,"8,23706",,0.0,13.0,,
190111,,,,0.0,"10,1836",,0.0,12.0,,
190112,,,,0.0,"10,3584",,0.0,15.0,,
190113,,,,0.0,"7,3027",,0.0,12.0,,
190114,,,,0.0,"12,7321",,0.0,5.0,,
190115,,,,0.0,"12,8761",,0.0,11.0,,
190116,,,,0.0,"9,04945",,0.0,15.0,,
190117,,,,0.0,"8,62762",,0.0,8.0,,
190118,,,,0.0,"11,7883",,0.0,5.0,,
190119,,,,0.0,"15,0861",,0.0,5.0,,
190120,,,,0.0,"15,1635",,0.0,5.0,,
190121,,,,0.0,"8,83038",,0.0,13.0,,
190122,,,,0.0,"8,4043",,0.0,,,5.0
190123,,,,0.0,"8,11378",,0.0,,,2.0
190124,,,,0.0,"11,008",,0.0,,,3.0
190125,,,,0.0,"7,03966",,0.0,,,10.0
190126,,,,0.0,"7,11312",,0.0,12.0,,
190127,,,,0.0,"9,36177",,0.0,6.0,,
190128,,,,0.0,"11,1583",,0.0,3.0,,
190129,,,,0.0,"11,2105",,0.0,9.0,,
190130,,,,0.0,"8,50954",,0.0,9.0,,
190131,,,,0.0,"7,70167",,0.0,8.0,,
190201,,,,0.0,"9,36261",,0.0,9.0,,
190202,,,,0.0,"9,87172",,0.0,15.0,,
190203,,,,0.0,"15,79",,0.0,15.0,,
190204,,,,0.0,"17,2775",,0.0,15.0,,
190205,,,,0.0,"19,1631",,0.0,11.0,,
190206,,,,0.0,"13,2176",,0.0,13.0,,
190207,,,,0.0,"9,40839",,0.0,12.0,,
190208,,,,0.0,"10,428",,0.0,11.0,,
190209,,,,0.0,"12,937",,0.0,9.0,,
190210,,,,0.0,"8,41191",,0.0,14.0,,
190211,,,,0.0,"7,42838",,0.0,14.0,,
190212,,,,0.0,"11,8958",,0.0,14.0,,
190213,,,,0.0,"14,5104",,0.0,11.0,,
190214,,,,0.0,"16,0716",,0.0,8.0,,
190215,,,,0.0,"15,817",,0.0,8.0,,
190216,,,,0.0,"16,666",,0.0,11.0,,
190217,,,,0.0,"14,9408",,0.0,9.0,,
190218,,,,0.0,"15,4897",,0.0,10.0,,
190219,,,,0.0,"9,00037",,0.0,11.0,,
190220,,,,0.0,"8,24799",,0.0,15.0,,
190221,,,,0.0,"6,115",,0.0,19.0,,
190222,,,,0.0,"5,20558",,0.0,25.0,,
190223,,,,0.0,"6,71542",,0.0,11.0,,
190224,,,,0.0,"6,89717",,0.0,24.0,,
190225,,,,0.0,"6,04575",,0.0,30.0,,
190226,,,,0.0,"9,23511",,0.0,20.0,,
190227,,,,0.0,"9,74921",,0.0,18.0,,
190228,,,,0.0,"11,7765",,0.0,25.0,,
190301,,,,0.0,"10,0821",,0.0,17.0,,
190302,,,,0.0,"11,2902",,0.0,,,
190303,,,,0.0,"9,46678",,0.0,18.0,,
190304,,,,0.0,"6,60002",,0.0,16.0,,
190305,,,,0.0,"7,63157",,0.0,21.0,,
190306,,,,0.0,"10,1029",,0.0,23.0,,
190307,,,,0.0,"7,39723",,0.0,25.0,,
190308,,,,0.0,"6,68108",,0.0,16.0,,
190309,,,,0.0,"9,95671",,0.0,17.0,,
190310,,,,0.0,"10,1021",,0.0,20.0,,
190311,,,,0.0,"13,9371",,0.0,11.0,,
190312,,,,0.0,"11,2395",,0.0,20.0,,
190313,,,,0.0,"11,5184",,0.0,26.0,,
190314,,,,0.0,"7,96727",,0.0,23.0,,
190315,,,,0.0,"11,9733",,0.0,27.0,,
190316,,,,0.0,"10,4161",,0.0,17.0,,
190317,,,,0.0,"13,621",,0.0,12.0,,
190318,,,,0.0,"4,71938",,0.0,22.0,,
190319,,,,0.0,"5,14111",,0.0,44.0,,
190320,,,,0.0,"5,89297",,0.0,23.0,,
190321,,,,0.0,"8,64214",,0.0,25.0,,
190322,,,,0.0,"10,9667",,0.0,16.0,,
190323,,,,0.0,"10,6251",,0.0,15.0,,
190324,,,,0.0,"9,22672",,0.0,16.0,,
190325,,,,0.0,"7,69502",,0.0,46.0,,
190326,,,,0.0,"6,84129",,0.0,58.0,,
190327,,,,0.0,"6,68792",,0.0,38.0,,
190328,,,,0.0,"11,9109",,0.0,27.0,,
190329,,,,0.0,"11,27",,0.0,17.0,,
190330,,,,0.0,"10,2442",,0.0,28.0,,
190331,,,,0.0,"10,5245",,0.0,13.0,,
190401,,,,0.0,"11,5145",,0.0,17.0,,
190402,,,,0.0,"13,1001",,0.0,11.0,,
190403,,,,0.0,"9,86671",,0.0,15.0,,
190404,,,,0.0,"6,40833",,0.0,14.0,,
190405,,,,0.0,"9,02667",,0.0,14.0,,
190406,,,,0.0,"9,30667",,0.0,17.0,,
190407,,,,0.0,"10,9967",,0.0,24.0,,
190408,,,,0.0,"12,5825",,0.0,17.0,,
190409,,,,0.0,"12,405",,0.0,26.0,,
190410,,,,0.0,"9,4975",,0.0,18.0,,
190411,,,,0.0,"8,08684",,0.0,13.0,,
190412,,,,0.0,"9,76917",,0.0,26.0,,
190413,,,,0.0,"3,73042",,0.0,26.0,,
190414,,,,0.0,"2,69333",,0.0,20.0,,
190415,,,,0.0,"7,71767",,0.0,16.0,,
190416,,,,0.0,"9,825",,0.0,44.0,,
190417,,,,0.0,"6,59458",,0.0,26.0,,
190418,,,,0.0,"8,10583",,0.0,27.0,,
190419,,,,0.0,"7,23867",,0.0,31.0,,
190420,,,,0.0,"6,58642",,0.0,17.0,,
190421,,,,0.0,"7,769",,0.0,49.0,,
190422,,,,0.0,"3,197",,0.0,47.0,,
190423,,,,0.0,"6,4995",,0.0,90.0,,
190424,,,,0.0,"1,96975",,0.0,191.0,,
190425,,,,0.0,"3,4295",,0.0,204.0,,
190426,,,,0.0,"2,40817",,0.0,72.0,,
190427,,,,0.0,"6,6945",,0.0,64.0,,
190428,,,,0.0,"9,61665",,0.0,29.0,,
190429,,,,0.0,"4,69",,0.0,25.0,,
190430,,,,0.0,"4,96267",,0.0,29.0,,
190501,,,,0.0,"6,55858",,0.0,54.0,,
190502,,,,0.0,"3,77683",,0.0,46.0,,
190503,,,,0.0,"2,98958",,0.0,101.0,,
190504,,,,0.0,"3,535",,0.0,63.0,,
190505,,,,0.0,"8,14417",,0.0,24.0,,
190506,,,,0.0,"6,11233",,0.0,44.0,,
190507,,,,0.0,"6,81133",,0.0,65.0,,
190508,,,,0.0,"4,98867",,0.0,132.0,,
190509,,,,0.0,"7,02667",,0.0,51.0,,
190510,,,,0.0,"6,93908",,0.0,30.0,,
190511,,,,0.0,"11,4758",,0.0,15.0,,
190512,,,,0.0,"12,6475",,0.0,23.0,,
190513,,,,0.0,"5,46002",,0.0,57.0,,
190514,,,,0.0,"1,30608",,0.0,81.0,,
190515,,,,0.0,"7,023",,0.0,,,55.0
190516,,,,0.0,"7,56983",,0.0,,,
190517,,,,0.0,"6,03842",,0.0,,15.0,
190518,,,,0.0,"4,42392",,0.0,,9.0,
190519,,,,0.0,"4,8385",,0.0,,12.0,
190520,,,,0.0,"1,44183",,0.0,,11.0,
190521,,,,0.0,"2,0925",,0.0,,7.0,
190522,,,,0.0,"4,249",,0.0,,8.0,
190523,,,,0.0,"6,82875",,0.0,,,7.0
190524,,,,0.0,"6,77367",,0.0,,,
190525,,,,0.0,"7,26325",,0.0,38.0,,
190526,,,,0.0,"3,35717",,0.0,54.0,,
190527,,,,0.0,"3,8385",,0.0,96.0,,
190528,,,,0.0,"2,43825",,0.0,140.0,,
190529,,,,0.0,"-2,04008",,0.0,135.0,,
190530,,,,0.0,"-0,577",,0.0,98.0,,
190531,,,,0.0,"1,63183",,0.0,126.0,,
190601,,,,0.0,"0,722007",,0.0,159.0,,
190602,,,,0.0,"1,90476",,0.0,102.0,,
190603,,,,0.0,"2,51133",,0.0,151.0,,
190604,,,,0.0,"8,45792",,0.0,113.0,,
190605,,,,0.0,"5,90492",,0.0,87.0,,
190606,,,,0.0,"4,05722",,0.0,38.0,,
190607,,,,0.0,"5,63475",,0.0,26.0,,
190608,,,,0.0,"6,53133",,0.0,63.0,,
190609,,,,0.0,"2,41625",,0.0,48.0,,
190610,,,,0.0,"1,54328",,0.0,56.0,,
190611,,,,0.0,"2,6905",,0.0,61.0,,
190612,,,,0.0,"0,5385",,0.0,123.0,,
190613,,,,0.0,"2,38075",,0.0,71.0,,
190614,,,,0.0,"0,495682",,0.0,82.0,,
190615,,,,0.0,"1,28725",,0.0,82.0,,
190616,,,,0.0,"-1,142",,0.0,80.0,,
190617,,,,0.0,"-2,75983",,0.0,109.0,,
190618,,,,0.0,"-3,63525",,0.0,88.0,,
190619,,,,0.0,"5,50017",,0.0,72.0,,
190620,,,,0.0,"5,38967",,0.0,164.0,,
190621,,,,0.0,"6,95167",,0.0,83.0,,
190622,,,,0.0,"7,91958",,0.0,47.0,,
190623,,,,0.0,"3,09308",,0.0,53.0,,
190624,,,,0.0,"2,48108",,0.0,43.0,,
190625,,,,0.0,"2,33458",,0.0,42.0,,
190626,,,,0.0,"3,1535",,0.0,54.0,,
190627,,,,0.0,"1,69358",,0.0,132.0,,
190628,,,,0.0,"-4,40075",,0.0,138.0,,
190629,,,,0.0,"-0,560583",,0.0,91.0,,
190630,,,,0.0,"-0,469333",,0.0,75.0,,
190701,,,,0.0,"2,66692",,0.0,55.0,,
190702,,,,0.0,"2,37192",,0.0,81.0,,
190703,,,,0.0,"0,753333",,0.0,111.0,,
190704,,,,0.0,"-0,930417",,0.0,182.0,,
190705,,,,0.0,"2,67375",,0.0,33.0,,
190706,,,,0.0,"5,03175",,0.0,138.0,,
190707,,,,0.0,"1,93425",,0.0,259.0,,
190708,,,,0.0,"3,96275",,0.0,164.0,,
190709,,,,0.0,"3,0195",,0.0,216.0,,
190710,,,,0.0,"2,73533",,0.0,142.0,,
190711,,,,0.0,"2,16975",,0.0,199.0,,
190712,,,,0.0,"0,577333",,0.0,214.0,,
190713,,,,0.0,"1,856",,0.0,175.0,,
190714,,,,0.0,"1,11125",,0.0,95.0,,
190715,,,,0.0,"5,61442",,0.0,53.0,,
190716,,,,0.0,"4,94083",,0.0,106.0,,
190717,,,,0.0,"-0,503583",,0.0,108.0,,
190718,,,,0.0,"2,63942",,0.0,54.0,,
190719,,,,0.0,"1,8435",,0.0,49.0,,
190720,,,,0.0,"0,0329167",,0.0,79.0,,
190721,,,,0.0,"-2,77733",,0.0,64.0,,
190722,,,,0.0,"0,709667",,0.0,44.0,,
190723,,,,0.0,"2,91058",,0.0,47.0,,
190724,,,,0.0,"3,47533",,0.0,43.0,,
190725,,,,0.0,"3,1775",,0.0,85.0,,
190726,,,,0.0,"4,3205",,0.0,35.0,,
190727,,,,0.0,"3,68675",,0.0,70.0,,
190728,,,,0.0,"-1,52542",,0.0,126.0,,
190729,,,,0.0,"1,864",,0.0,156.0,,
190730,,,,0.0,"3,941",,0.0,66.0,,
190731,,,,0.0,"4,19983",,0.0,69.0,,
190801,,,,0.0,"2,71493",,0.0,45.0,,
190802,,,,0.0,"4,35025",,0.0,31.0,,
190803,,,,0.0,"6,57367",,0.0,24.0,,
190804,,,,0.0,"7,44342",,0.0,38.0,,
190805,,,,0.0,"4,49058",,0.0,82.0,,
190806,,,,0.0,"3,4615",,0.0,27.0,,
190807,,,,0.0,"2,8025",,0.0,62.0,,
190808,,,,0.0,"0,464333",,0.0,62.0,,
190809,,,,0.0,"3,39742",,0.0,24.0,,
190810,,,,0.0,"5,43417",,0.0,80.0,,
190811,,,,0.0,"4,43042",,0.0,44.0,,
190812,,,,0.0,"2,21845",,0.0,51.0,,
190813,,,,0.0,"1,10858",,0.0,118.0,,
190814,,,,0.0,"-1,6205",,0.0,102.0,,
190815,,,,0.0,"2,96608",,0.0,78.0,,
190816,,,,0.0,"1,93425",,0.0,78.0,,
190817,,,,0.0,"4,529",,0.0,51.0,,
190818,,,,0.0,"2,65433",,0.0,118.0,,
190819,,,,0.0,"-1,83508",,0.0,158.0,,
190820,,,,0.0,"5,116",,0.0,29.0,,
190821,,,,0.0,"5,03792",,0.0,45.0,,
190822,,,,0.0,"7,535",,0.0,94.0,,
190823,,,,0.0,"4,18333",,0.0,92.0,,
190824,,,,0.0,"5,51433",,0.0,66.0,,
190825,,,,0.0,"3,994",,0.0,74.0,,
190826,,,,0.0,"4,7415",,0.0,34.0,,
190827,,,,0.0,"2,55717",,0.0,77.0,,
190828,,,,0.0,"0,938917",,0.0,44.0,,
190829,,,,0.0,"2,07067",,0.0,30.0,,
190830,,,,0.0,"3,69392",,0.0,28.0,,
190831,,,,0.0,"4,24492",,0.0,61.0,,
190901,,,,0.0,"1,16467",,0.0,46.0,,
190902,,,,0.0,"-0,488083",,0.0,75.0,,
190903,,,,0.0,"1,47758",,0.0,39.0,,
190904,,,,0.0,"0,650083",,0.0,46.0,,
190905,,,,0.0,"-0,641667",,0.0,60.0,,
190906,,,,0.0,"0,71675",,0.0,128.0,,
190907,,,,0.0,"1,6105",,0.0,76.0,,
190908,,,,0.0,"5,16967",,0.0,36.0,,
190909,,,,0.0,"3,77458",,0.0,103.0,,
190910,,,,0.0,"-1,05083",,0.0,99.0,,
190911,,,,0.0,"3,88375",,0.0,29.0,,
190912,,,,0.0,"4,72183",,0.0,35.0,,
190913,,,,0.0,"1,57042",,0.0,53.0,,
190914,,,,0.0,"4,7975",,0.0,26.0,,
190915,,,,0.0,"1,46908",,0.0,30.0,,
190916,,,,0.0,"4,37934",,0.0,15.0,,
190917,,,,0.0,"6,26083",,0.0,14.0,,
190918,,,,0.0,"5,04133",,0.0,27.0,,
190919,,,,0.0,"2,25358",,0.0,17.0,,
190920,,,,0.0,"3,85742",,0.0,19.0,,
190921,,,,0.0,"3,64358",,0.0,23.0,,
190922,,,,0.0,"2,99342",,0.0,22.0,,
190923,,,,0.0,"6,3235",,0.0,14.0,,
190924,,,,0.0,"9,40083",,0.0,14.0,,
190925,,,,0.0,"10,0442",,0.0,23.0,,
190926,,,,0.0,"4,43083",,0.0,79.0,,
190927,,,,0.0,"7,14383",,0.0,56.0,,
190928,,,,0.0,"8,73",,0.0,23.0,,
190929,,,,0.0,"3,5075",,0.0,21.0,,
190930,,,,0.0,"2,62608",,0.0,27.0,,
191001,,,,0.0,"-0,253333",,0.0,36.0,,
191002,,,,0.0,"2,6213",,0.0,50.0,,
191003,,,,0.0,"2,35325",,0.0,32.0,,
191004,,,,0.0,"4,71458",,0.0,18.0,,
191005,,,,0.0,"5,227",,0.0,23.0,,
191006,,,,0.0,"5,3335",,0.0,27.0,,
191007,,,,0.0,"4,56742",,0.0,16.0,,
191008,,,,0.0,"5,76292",,0.0,15.0,,
191009,,,,0.0,"5,13425",,0.0,15.0,,
191010,,,,0.0,"6,41317",,0.0,38.0,,
191011,,,,0.0,"5,26117",,0.0,26.0,,
191012,,,,0.0,"5,49633",,0.0,17.0,,
191013,,,,0.0,"3,53192",,0.0,20.0,,
191014,,,,0.0,"6,16283",,0.0,33.0,,
191015,,,,0.0,"8,26912",,0.0,24.0,,
191016,,,,0.0,"7,47333",,0.0,27.0,,
191017,,,,0.0,"6,99849",,0.0,13.0,,
191018,,,,0.0,"7,89752",,0.0,16.0,,
191019,,,,0.0,"7,25125",,0.0,14.0,,
191020,,,,0.0,"10,6408",,0.0,18.0,,
191021,,,,0.0,"4,23767",,0.0,26.0,,
191022,,,,0.0,"4,62108",,0.0,24.0,,
191023,,,,0.0,"5,81392",,0.0,30.0,,
191024,,,,0.0,"8,47417",,0.0,20.0,,
191025,,,,0.0,"7,303",,0.0,17.0,,
191026,,,,0.0,"9,25166",,0.0,13.0,,
191027,,,,0.0,"2,77292",,0.0,28.0,,
191028,,,,0.0,"0,524917",,0.0,46.0,,
191029,,,,0.0,"5,18617",,0.0,19.0,,
191030,,,,0.0,"5,04842",,0.0,20.0,,
191031,,,,0.0,"8,58749",,0.0,23.0,,
191101,,,,0.0,"6,96533",,0.0,15.0,,
191102,,,,0.0,"5,84025",,0.0,8.0,,
191103,,,,0.0,"10,1692",,0.0,13.0,,
191104,,,,0.0,"3,4005",,0.0,15.0,,
191105,,,,0.0,"5,56017",,0.0,10.0,,
191106,,,,0.0,"9,19417",,0.0,14.0,,
191107,,,,0.0,"5,42198",,0.0,15.0,,
191108,,,,0.0,"4,81942",,0.0,19.0,,
191109,,,,0.0,"8,35417",,0.0,12.0,,
191110,,,,0.0,"10,1858",,0.0,11.0,,
191111,,,,0.0,"10,365",,0.0,13.0,,
191112,,,,0.0,"12,9692",,0.0,7.0,,
191113,,,,0.0,"13,3267",,0.0,8.0,,
191114,,,,0.0,"10,5092",,0.0,11.0,,
191115,,,,0.0,"13,1233",,0.0,11.0,,
191116,,,,0.0,"8,44417",,0.0,14.0,,
191117,,,,0.0,"6,84167",,0.0,16.0,,
191118,,,,0.0,"6,952",,0.0,11.0,,
191119,,,,0.0,"10,4875",,0.0,16.0,,
191120,,,,0.0,"4,75164",,0.0,17.0,,
191121,,,,0.0,"5,9296",,0.0,15.0,,
191122,,,,0.0,"7,419",,0.0,23.0,,
191123,,,,0.0,"11,5208",,0.0,24.0,,
191124,,,,0.0,"11,1375",,0.0,9.0,,
191125,,,,0.0,"8,06775",,0.0,16.0,,
191126,,,,0.0,"4,9945",,0.0,15.0,,
191127,,,,0.0,"3,75342",,0.0,13.0,,
191128,,,,0.0,"8,90916",,0.0,14.0,,
191129,,,,0.0,"8,00243",,0.0,13.0,,
191130,,,,0.0,"4,84442",,0.0,17.0,,
191201,,,,0.0,"7,78",,0.0,15.0,,
191202,,,,0.0,"10,6508",,0.0,13.0,,
191203,,,,0.0,"7,21042",,0.0,14.0,,
191204,,,,0.0,"9,6275",,0.0,10.0,,
191205,,,,0.0,"9,85667",,0.0,12.0,,
191206,,,,0.0,"8,95584",,0.0,16.0,,
191207,,,,0.0,"10,6867",,0.0,9.0,,
191208,,,,0.0,"12,6708",,0.0,6.0,,
191209,,,,0.0,"13,47",,0.0,7.0,,
191210,,,,0.0,"11,9825",,0.0,14.0,,
191211,,,,0.0,"10,8225",,0.0,13.0,,
191212,,,,0.0,"5,92608",,0.0,12.0,,
191213,,,,0.0,"8,53416",,0.0,10.0,,
191214,,,,0.0,"8,84",,0.0,10.0,,
191215,,,,0.0,"10,4092",,0.0,9.0,,
191216,,,,0.0,"9,10001",,0.0,11.0,,
191217,,,,0.0,"10,0167",,0.0,12.0,,
191218,,,,0.0,"11,5275",,0.0,14.0,,
191219,,,,0.0,"7,1385",,0.0,13.0,,
191220,,,,0.0,"7,93683",,0.0,12.0,,
191221,,,,0.0,"10,7967",,0.0,9.0,,
191222,,,,0.0,"10,865",,0.0,16.0,,
191223,,,,0.0,"9,56416",,0.0,13.0,,
191224,,,,0.0,"5,49758",,0.0,15.0,,
191225,,,,0.0,"7,72533",,0.0,9.0,,
191226,,,,0.0,"9,6075",,0.0,15.0,,
191227,,,,0.0,"12,1175",,0.0,8.0,,
191228,,,,0.0,"9,30501",,0.0,15.0,,
191229,,,,0.0,"9,93167",,0.0,13.0,,
191230,,,,0.0,"12,5642",,0.0,9.0,,
191231,,,,0.0,"11,6867",,0.0,21.0,,
200101,,,,0.0,"13,2308",,0.0,14.0,,
200102,,,,0.0,"17,2383",,0.0,6.0,,
200103,,,,0.0,"16,975",,0.0,5.0,,
200104,,,,0.0,"10,6492",,0.0,7.0,,
200105,,,,0.0,"9,46333",,0.0,8.0,,
200106,,,,0.0,"9,23",,0.0,10.0,,
200107,,,,0.0,"10,825",,0.0,14.0,,
200108,,,,0.0,"6,43267",,0.0,16.0,,
200109,,,,0.0,"2,24725",,0.0,14.0,,
200110,,,,0.0,"6,52933",,0.0,10.0,,
200111,,,,0.0,"10,1508",,0.0,8.0,,
200112,,,,0.0,"11,625",,0.0,5.0,,
200113,,,,0.0,"15,2883",,0.0,7.0,,
200114,,,,0.0,"12,8142",,0.0,11.0,,
200115,,,,0.0,"5,65167",,0.0,9.0,,
200116,,,,0.0,"8,16116",,0.0,9.0,,
200117,,,,0.0,"10,4108",,0.0,6.0,,
200118,,,,0.0,"12,3958",,0.0,7.0,,
200119,,,,0.0,"12,0625",,0.0,5.0,,
200120,,,,0.0,"12,3492",,0.0,5.0,,
200121,,,,0.0,"15,8358",,0.0,,,4.0
200122,,,,0.0,"15,51",,0.0,,,
200123,,,,0.0,"15,8675",,0.0,,,
200124,,,,0.0,"11,4717",,0.0,,,7.0
200125,,,,0.0,"12,7375",,0.0,5.0,,
200126,,,,0.0,"13,5425",,0.0,6.0,,
200127,,,,0.0,"11,5292",,0.0,7.0,,
200128,,,,0.0,"11,89",,0.0,10.0,,
200129,,,,0.0,"7,48342",,0.0,10.0,,
200130,,,,0.0,"9,8175",,0.0,5.0,,
200131,,,,0.0,"11,7167",,0.0,5.0,,
200201,,,,0.0,"14,1251",,0.0,10.0,,
200202,,,,0.0,"8,62921",,0.0,10.0,,
200203,,,,0.0,"9,55385",,0.0,13.0,,
200204,,,,0.0,"7,10139",,0.0,15.0,,
200205,,,,0.0,"5,22189",,0.0,23.0,,
200206,,,,0.0,"8,18396",,0.0,28.0,,
200207,,,,0.0,"7,5121",,0.0,27.0,,
200208,,,,0.0,"7,33517",,0.0,22.0,,
200209,,,,0.0,"11,5804",,0.0,13.0,,
200210,,,,0.0,"14,1928",,0.0,7.0,,
200211,,,,0.0,"13,5434",,0.0,6.0,,
200212,,,,0.0,"12,9708",,0.0,7.0,,
200213,,,,0.0,"8,79234",,0.0,9.0,,
200214,,,,0.0,"9,67215",,0.0,9.0,,
200215,,,,0.0,"11,596",,0.0,11.0,,
200216,,,,0.0,"8,18929",,0.0,9.0,,
200217,,,,0.0,"7,86927",,0.0,11.0,,
200218,,,,0.0,"10,6926",,0.0,12.0,,
200219,,,,0.0,"7,76807",,0.0,12.0,,
200220,,,,0.0,"7,3456",,0.0,16.0,,
200221,,,,0.0,"8,91666",,0.0,26.0,,
200222,,,,0.0,"11,0408",,0.0,17.0,,
200223,,,,0.0,"16,0424",,0.0,5.0,,
200224,,,,0.0,"11,0396",,0.0,8.0,,
200225,,,,0.0,"10,8461",,0.0,9.0,,
200226,,,,0.0,"10,8884",,0.0,10.0,,
200227,,,,0.0,"13,5076",,0.0,7.0,,
200228,,,,0.0,"12,2071",,0.0,10.0,,
200229,,,,0.0,"13,6996",,0.0,7.0,,
200301,,,,0.0,"14,6577",,0.0,4.0,,
200302,,,,0.0,"14,6376",,0.0,5.0,,
200303,,,,0.0,"12,9218",,0.0,13.0,,
200304,,,,0.0,"13,8854",,0.0,9.0,,
200305,,,,0.0,"12,5187",,0.0,12.0,,
200306,,,,0.0,"14,3363",,0.0,11.0,,
200307,,,,0.0,"7,49106",,0.0,9.0,,
200308,,,,0.0,"12,08",,0.0,9.0,,
200309,,,,0.0,"8,6647",,0.0,21.0,,
200310,,,,0.0,,,0.0,,,
200311,,,,0.0,"12,63",,0.0,10.0,,
200312,,,,0.0,"10,2526",,0.0,32.0,,
200313,,,,0.0,"10,7692",,0.0,16.0,,
200314,,,,0.0,"8,27",,0.0,12.0,,
200315,,,,0.0,"10,6783",,0.0,12.0,,
200316,,,,0.0,"12,4125",,0.0,11.0,,
200317,,,,0.0,"9,27251",,0.0,18.0,,
200318,,,,0.0,"9,08083",,0.0,9.0,,
200319,,,,0.0,"11,247",,0.0,12.0,,
200320,,,,0.0,"11,5933",,0.0,10.0,,
200321,,,,0.0,"12,5092",,0.0,16.0,,
200322,,,,0.0,"12,2567",,0.0,18.0,,
200323,,,,0.0,"11,0833",,0.0,14.0,,
200324,,,,0.0,"13,1505",,0.0,19.0,,
200325,,,,0.0,"8,8725",,0.0,23.0,,
200326,,,,0.0,"12,6963",,0.0,13.0,,
200327,,,,0.0,"12,5208",,0.0,14.0,,
200328,,,,0.0,"8,255",,0.0,27.0,,
200329,,,,0.0,"7,18758",,0.0,36.0,,
200330,,,,0.0,"5,68908",,0.0,50.0,,
200331,,,,0.0,"4,43083",,0.0,28.0,,
200401,,,,0.0,"7,75317",,0.0,27.0,,
200402,,,,0.0,"8,23",,0.0,31.0,,
200403,,,,0.0,"11,1938",,0.0,17.0,,
200404,,,,0.0,"6,96108",,0.0,12.0,,
200405,,,,0.0,"8,28642",,0.0,31.0,,
200406,,,,0.0,"4,67125",,0.0,38.0,,
200407,,,,0.0,"6,55027",,0.0,47.0,,
200408,,,,0.0,"7,26867",,0.0,78.0,,
200409,,,,0.0,"7,97083",,0.0,31.0,,
200410,,,,0.0,"11,0067",,0.0,23.0,,
200411,,,,0.0,"6,10883",,0.0,17.0,,
200412,,,,0.0,"6,75867",,0.0,25.0,,
200413,,,,0.0,"7,39225",,0.0,41.0,,
200414,,,,0.0,"8,63",,0.0,40.0,,
200415,,,,0.0,"8,32832",,0.0,53.0,,
200416,,,,0.0,"10,7775",,0.0,36.0,,
200417,,,,0.0,"13,2809",,0.0,31.0,,
200418,,,,0.0,"9,13707",,0.0,44.0,,
200419,,,,0.0,"5,59518",,0.0,26.0,,
200420,,,,0.0,"5,30517",,0.0,40.0,,
200421,,,,0.0,"4,56792",,0.0,58.0,,
200422,,,,0.0,"1,56509",,0.0,149.0,,
200423,,,,0.0,"3,721",,0.0,92.0,,
200424,,,,0.0,"7,59126",,0.0,61.0,,
200425,,,,0.0,"8,68777",,0.0,46.0,,
200426,,,,0.0,"5,15589",,0.0,83.0,,
200427,,,,0.0,"8,3118",,0.0,86.0,,
200428,,,,0.0,"8,52834",,0.0,74.0,,
200429,,,,0.0,"8,95958",,0.0,43.0,,
200430,,,,0.0,"8,26787",,0.0,62.0,,
200501,,,,0.0,"2,93886",,0.0,105.0,,
200502,,,,0.0,"5,20417",,0.0,97.0,,
200503,,,,0.0,"6,97293",,0.0,87.0,,
200504,,,,0.0,"4,587",,0.0,94.0,,
200505,,,,0.0,"1,42786",,0.0,81.0,,
200506,,,,0.0,"3,00995",,0.0,44.0,,
200507,,,,0.0,"10,0742",,0.0,40.0,,
200508,,,,0.0,"11,835",,0.0,75.0,,
200509,,,,0.0,"8,15147",,0.0,38.0,,
200510,,,,0.0,"5,19453",,0.0,45.0,,
200511,,,,0.0,"6,15681",,0.0,21.0,,
200512,,,,0.0,"6,84811",,0.0,88.0,,
200513,,,,0.0,"-0,163591",,0.0,60.0,,
200514,,,,0.0,"5,16567",,0.0,62.0,,
200515,,,,0.0,"7,42772",,0.0,35.0,,
200516,,,,0.0,"9,93929",,0.0,34.0,,
200517,,,,0.0,"6,20277",,0.0,58.0,,
200518,,,,0.0,"5,56363",,0.0,32.0,,
200519,,,,0.0,"4,68304",,0.0,136.0,,
200520,,,,0.0,"-0,00808334",,0.0,119.0,,
200521,,,,0.0,"1,67483",,0.0,125.0,,
200522,,,,0.0,"1,65175",,0.0,68.0,,
200523,,,,0.0,"8,65459",,0.0,58.0,,
200524,,,,0.0,"11,012",,0.0,44.0,,
200525,,,,0.0,"5,87493",,0.0,82.0,,
200526,,,,0.0,"8,5901",,0.0,55.0,,
200527,,,,0.0,"5,82694",,0.0,44.0,,
200528,,,,0.0,"3,81255",,0.0,105.0,,
200529,,,,0.0,"0,461009",,0.0,81.0,,
200530,,,,0.0,"-2,59248",,0.0,55.0,,
200531,,,,0.0,"4,53347",,0.0,81.0,,
200601,,,,0.0,"4,79945",,0.0,43.0,,
200602,,,,0.0,"4,41208",,0.0,63.0,,
200603,,,,0.0,"-1,48375",,0.0,44.0,,
200604,,,,0.0,"6,71381",,0.0,27.0,,
200605,,,,0.0,"11,0968",,0.0,77.0,,
200606,,,,0.0,"3,10792",,0.0,65.0,,
200607,,,,0.0,"3,8875",,0.0,55.0,,
200608,,,,0.0,"2,19685",,0.0,30.0,,
200609,,,,0.0,"4,58657",,0.0,36.0,,
200610,,,,0.0,"2,38853",,0.0,41.0,,
200611,,,,0.0,"0,951003",,0.0,74.0,,
200612,,,,0.0,"0,550418",,0.0,85.0,,
200613,,,,0.0,"0,793667",,0.0,96.0,,
200614,,,,0.0,"1,21817",,0.0,166.0,,
200615,,,,0.0,"-0,123667",,0.0,275.0,,
200616,,,,0.0,"1,30983",,0.0,232.0,,
200617,,,,0.0,"1,05883",,0.0,151.0,,
200618,,,,0.0,"2,046",,0.0,79.0,,
200619,,,,0.0,"4,31472",,0.0,38.0,,
200620,,,,0.0,"1,84518",,0.0,58.0,,
200621,,,,0.0,"3,86951",,0.0,71.0,,
200622,,,,0.0,"2,46752",,0.0,97.0,,
200623,,,,0.0,"-1,22842",,0.0,182.0,,
200624,,,,0.0,"-0,648428",,0.0,110.0,,
200625,,,,0.0,"0,420003",,0.0,89.0,,
200626,,,,0.0,"-0,227584",,0.0,56.0,,
200627,,,,0.0,"-2,3507",,0.0,35.0,,
200628,,,,0.0,"-2,40501",,0.0,27.0,,
200629,,,,0.0,"-0,118252",,0.0,59.0,,
200630,,,,0.0,"1,59951",,0.0,109.0,,
200701,,,,0.0,"2,06059",,0.0,95.0,,
200702,,,,0.0,"0,339184",,0.0,153.0,,
200703,,,,0.0,"2,6418",,0.0,159.0,,
200704,,,,0.0,"-1,15617",,0.0,143.0,,
200705,,,,0.0,"1,17768",,0.0,110.0,,
200706,,,,0.0,"-0,910086",,0.0,237.0,,
200707,,,,0.0,"-3,04285",,0.0,175.0,,
200708,,,,0.0,"-1,57648",,0.0,56.0,,
200709,,,,0.0,"0,570694",,0.0,94.0,,
200710,,,,0.0,"-0,87459",,0.0,54.0,,
200711,,,,0.0,"0,391085",,0.0,64.0,,
200712,,,,0.0,"0,0580849",,0.0,59.0,,
200713,,,,0.0,"0,513703",,0.0,63.0,,
200714,,,,0.0,"0,836442",,0.0,118.0,,
200715,,,,0.0,"-0,379004",,0.0,107.0,,
200716,,,,0.0,"0,619086",,0.0,102.0,,
200717,,,,0.0,"-0,701301",,0.0,212.0,,
200718,,,,0.0,"-0,401342",,0.0,168.0,,
200719,,,,0.0,"-0,459591",,0.0,200.0,,
200720,,,,0.0,"-0,244752",,0.0,94.0,,
200721,,,,0.0,"1,46218",,0.0,31.0,,
200722,,,,0.0,"0,428786",,0.0,48.0,,
200723,,,,0.0,"-4,36179",,0.0,114.0,,
200724,,,,0.0,"-6,68623",,0.0,55.0,,
200725,,,,0.0,"3,27195",,0.0,110.0,,
200726,,,,0.0,"1,81001",,0.0,71.0,,
200727,,,,0.0,"0,00591696",,0.0,84.0,,
200728,,,,0.0,"1,64566",,0.0,68.0,,
200729,,,,0.0,"1,62689",,0.0,89.0,,
200730,,,,0.0,"-0,877757",,0.0,179.0,,
200731,,,,0.0,"-0,64742",,0.0,183.0,,
200801,,,,0.0,"1,23972",,0.0,68.0,,
200802,,,,0.0,"3,32457",,0.0,87.0,,
200803,,,,0.0,"2,48677",,0.0,53.0,,
200804,,,,0.0,"3,97536",,0.0,75.0,,
200805,,,,0.0,"-0,933002",,0.0,100.0,,
200806,,,,0.0,"1,60792",,0.0,46.0,,
200807,,,,0.0,"2,18508",,0.0,76.0,,
200808,,,,0.0,"1,6677",,0.0,70.0,,
200809,,,,0.0,"0,391336",,0.0,61.0,,
200810,,,,0.0,"0,369335",,0.0,31.0,,
200811,,,,0.0,"2,75697",,0.0,25.0,,
200812,,,,0.0,"4,47636",,0.0,19.0,,
200813,,,,0.0,"4,93527",,0.0,37.0,,
200814,,,,0.0,"1,77393",,0.0,37.0,,
200815,,,,0.0,"0,983835",,0.0,17.0,,
200816,,,,0.0,"6,49104",,0.0,18.0,,
200817,,,,0.0,"2,43147",,0.0,27.0,,
200818,,,,0.0,"1,99874",,0.0,85.0,,
200819,,,,0.0,"-1,72618",,0.0,46.0,,
200820,,,,0.0,"2,97251",,0.0,20.0,,
200821,,,,0.0,"4,61343",,0.0,23.0,,
200822,,,,0.0,"6,1549",,0.0,22.0,,
200823,,,,0.0,"7,05004",,0.0,28.0,,
200824,,,,0.0,"0,454587",,0.0,48.0,,
200825,,,,0.0,"-0,497919",,0.0,57.0,,
200826,,,,0.0,"1,81492",,0.0,45.0,,
200827,,,,0.0,"4,56499",,0.0,33.0,,
200828,,,,0.0,"-0,0698363",,0.0,33.0,,
200829,,,,0.0,"-0,0875008",,0.0,18.0,,
200830,,,,0.0,"3,49259",,0.0,27.0,,
200831,,,,0.0,"3,38652",,0.0,98.0,,
200901,,,,0.0,"1,24607",,0.0,129.0,,
200902,,,,0.0,"1,53522",,0.0,59.0,,
200903,,,,0.0,"3,7497",,0.0,26.0,,
200904,,,,0.0,"3,62409",,0.0,42.0,,
200905,,,,0.0,"0,541356",,0.0,45.0,,
200906,,,,0.0,"5,03493",,0.0,60.0,,
200907,,,,0.0,"1,62639",,0.0,69.0,,
200908,,,,0.0,"5,33498",,0.0,30.0,,
200909,,,,0.0,"2,46018",,0.0,38.0,,
200910,,,,0.0,"4,40378",,0.0,31.0,,
200911,,,,0.0,"2,44731",,0.0,24.0,,
200912,,,,0.0,"2,21807",,0.0,27.0,,
200913,,,,0.0,"1,86793",,0.0,20.0,,
200914,,,,0.0,"5,63828",,0.0,12.0,,
200915,,,,0.0,"7,07589",,0.0,37.0,,
200916,,,,0.0,"1,65758",,0.0,34.0,,
200917,,,,0.0,"6,14793",,0.0,17.0,,
200918,,,,0.0,"1,59568",,0.0,23.0,,
200919,,,,0.0,"1,75326",,0.0,29.0,,
200920,,,,0.0,"2,07868",,0.0,75.0,,
200921,,,,0.0,"3,02389",,0.0,36.0,,
200922,,,,0.0,"6,61012",,0.0,18.0,,
200923,,,,0.0,"4,45782",,0.0,23.0,,
200924,,,,0.0,"4,55685",,0.0,16.0,,
200925,,,,0.0,"5,85672",,0.0,15.0,,
200926,,,,0.0,"7,29697",,0.0,17.0,,
200927,,,,0.0,"6,15057",,0.0,15.0,,
200928,,,,0.0,"7,11132",,0.0,16.0,,
200929,,,,0.0,"3,89676",,0.0,26.0,,
200930,,,,0.0,"2,92474",,0.0,14.0,,
201001,,,,0.0,"3,52575",,0.0,28.0,,
201002,,,,0.0,"0,536942",,0.0,38.0,,
201003,,,,0.0,"-1,92584",,0.0,52.0,,
201004,,,,0.0,"4,88203",,0.0,18.0,,
201005,,,,0.0,"5,2934",,0.0,14.0,,
201006,,,,0.0,"4,07807",,0.0,18.0,,
201007,,,,0.0,"3,05878",,0.0,13.0,,
201008,,,,0.0,"6,54864",,0.0,14.0,,
201009,,,,0.0,"7,1941",,0.0,14.0,,
201010,,,,0.0,"6,63109",,0.0,13.0,,
201011,,,,0.0,"7,38794",,0.0,15.0,,
201012,,,,0.0,"6,44257",,0.0,10.0,,
201013,,,,0.0,"9,21344",,0.0,12.0,,
201014,,,,0.0,"5,35369",,0.0,19.0,,
201015,,,,0.0,"6,20731",,0.0,17.0,,
201016,,,,0.0,"9,8239",,0.0,13.0,,
201017,,,,0.0,"9,72774",,0.0,13.0,,
201018,,,,0.0,"6,97008",,0.0,14.0,,
201019,,,,0.0,"1,81993",,0.0,19.0,,
201020,,,,0.0,"2,89375",,0.0,23.0,,
201021,,,,0.0,"4,03786",,0.0,22.0,,
201022,,,,0.0,"5,9965",,0.0,37.0,,
201023,,,,0.0,"5,11572",,0.0,26.0,,
201024,,,,0.0,"7,7631",,0.0,15.0,,
201025,,,,0.0,"4,46481",,0.0,11.0,,
201026,,,,0.0,"7,29245",,0.0,13.0,,
201027,,,,0.0,"3,71405",,0.0,17.0,,
201028,,,,0.0,"3,51828",,0.0,19.0,,
201029,,,,0.0,"5,68777",,0.0,17.0,,
201030,,,,0.0,"7,14157",,0.0,10.0,,
201031,,,,0.0,"11,2495",,0.0,16.0,,
201101,,,,0.0,"10,6628",,0.0,10.0,,
201102,,,,0.0,"12,3793",,0.0,14.0,,
201103,,,,0.0,"9,91838",,0.0,8.0,,
201104,,,,0.0,"10,3641",,0.0,11.0,,
201105,,,,0.0,"6,13535",,0.0,11.0,,
201106,,,,0.0,"6,14233",,0.0,10.0,,
201107,,,,0.0,"8,67677",,0.0,10.0,,
201108,,,,0.0,"10,0284",,0.0,8.0,,
201109,,,,0.0,"11,9598",,0.0,8.0,,
201110,,,,0.0,"12,0888",,0.0,9.0,,
201111,,,,0.0,"11,713",,0.0,9.0,,
201112,,,,0.0,"11,9784",,0.0,8.0,,
201113,,,,0.0,"8,3084",,0.0,8.0,,
201114,,,,0.0,"6,34202",,0.0,8.0,,
201115,,,,0.0,"6,98021",,0.0,10.0,,
201116,,,,0.0,"8,88211",,0.0,7.0,,
201117,,,,0.0,"10,0268",,0.0,7.0,,
201118,,,,0.0,"13,025",,0.0,9.0,,
201119,,,,0.0,"14,759",,0.0,8.0,,
201120,,,,0.0,"15,2473",,0.0,7.0,,
201121,,,,0.0,"11,2135",,0.0,11.0,,
201122,,,,0.0,"6,73331",,0.0,10.0,,
201123,,,,0.0,"8,74672",,0.0,12.0,,
201124,,,,0.0,"4,38531",,0.0,11.0,,
201125,,,,0.0,"7,42595",,0.0,13.0,,
201126,,,,0.0,"5,85613",,0.0,11.0,,
201127,,,,0.0,"8,7001",,0.0,12.0,,
201128,,,,0.0,"5,97195",,0.0,12.0,,
201129,,,,0.0,"4,80036",,0.0,9.0,,
201130,,,,0.0,"7,87046",,0.0,8.0,,
201201,,,,0.0,"8,5163",,0.0,8.0,,
201202,,,,0.0,"5,96714",,0.0,9.0,,
201203,,,,0.0,"5,97052",,0.0,13.0,,
201204,,,,0.0,"7,20134",,0.0,9.0,,
201205,,,,0.0,"11,0295",,0.0,7.0,,
201206,,,,0.0,"14,9494",,0.0,4.0,,
201207,,,,0.0,"16,1944",,0.0,5.0,,
201208,,,,0.0,"14,3917",,0.0,7.0,,
201209,,,,0.0,"10,5458",,0.0,9.0,,
201210,,,,0.0,"10,3547",,0.0,9.0,,
201211,,,,0.0,"8,01431",,0.0,10.0,,
201212,,,,0.0,"6,20013",,0.0,10.0,,
201213,,,,0.0,"6,79052",,0.0,12.0,,
201214,,,,0.0,"6,16779",,0.0,11.0,,
201215,,,,0.0,"6,56177",,0.0,11.0,,
201216,,,,0.0,"7,36715",,0.0,10.0,,
201217,,,,0.0,"9,56929",,0.0,7.0,,
201218,,,,0.0,"11,9793",,0.0,8.0,,
201219,,,,0.0,"8,24622",,0.0,9.0,,
201220,,,,0.0,"10,087",,0.0,5.0,,
201221,,,,0.0,"9,49635",,0.0,10.0,,
201222,,,,0.0,"10,3784",,0.0,10.0,,
201223,,,,0.0,"11,425",,0.0,9.0,,
201224,,,,0.0,"12,3124",,0.0,12.0,,
201225,,,,0.0,"9,77356",,0.0,12.0,,
201226,,,,0.0,"13,0803",,0.0,5.0,,
201227,,,,0.0,"14,7001",,0.0,4.0,,
201228,,,,0.0,"15,9383",,0.0,7.0,,
201229,,,,0.0,"14,0323",,0.0,13.0,,
201230,,,,0.0,"7,56194",,0.0,9.0,,
201231,,,,0.0,"8,97209",,0.0,14.0,,
210101,,,,0.0,"10,4634",,0.0,9.0,,
210102,,,,0.0,"13,135",,0.0,9.0,,
210103,,,,0.0,"10,7204",,0.0,9.0,,
210104,,,,0.0,"8,20012",,0.0,9.0,,
210105,,,,0.0,"10,6522",,0.0,6.0,,
210106,,,,0.0,"14,7501",,0.0,6.0,,
210107,,,,0.0,"9,68755",,0.0,8.0,,
210108,,,,0.0,"9,36311",,0.0,6.0,,
210109,,,,0.0,"9,06615",,0.0,12.0,,
210110,,,,0.0,"5,71281",,0.0,16.0,,
210111,,,,0.0,"3,78071",,0.0,11.0,,
210112,,,,0.0,"7,67645",,0.0,11.0,,
210113,,,,0.0,"8,12183",,0.0,10.0,,
210114,,,,0.0,"12,09",,0.0,8.0,,
210115,,,,0.0,"13,1178",,0.0,14.0,,
210116,,,,0.0,"10,7968",,0.0,9.0,,
210117,,,,0.0,"12,5101",,0.0,5.0,,
210118,,,,0.0,"12,3834",,0.0,8.0,,
210119,,,,0.0,"13,1533",,0.0,4.0,,
210120,,,,0.0,"15,6581",,0.0,6.0,,
210121,,,,0.0,"16,8152",,0.0,5.0,,
210122,,,,0.0,"13,6525",,0.0,,,5.0
210123,,,,0.0,"13,4379",,0.0,,,5.0
210124,,,,0.0,"10,5462",,0.0,,,5.0
210125,,,,0.0,"10,6004",,0.0,,,6.0
210126,,,,0.0,"7,04273",,0.0,9.0,,
210127,,,,0.0,"8,23589",,0.0,11.0,,
210128,,,,0.0,"8,98232",,0.0,10.0,,
210129,,,,0.0,"8,89066",,0.0,9.0,,
210130,,,,0.0,"8,21075",,0.0,18.0,,
210131,,,,0.0,"10,6051",,0.0,9.0,,
210201,,,,0.0,"14,5459",,0.0,4.0,,
210202,,,,0.0,"12,789",,0.0,5.0,,
210203,,,,0.0,"15,4523",,0.0,6.0,,
210204,,,,0.0,"18,5152",,0.0,6.0,,
210205,,,,0.0,"16,6978",,0.0,6.0,,
210206,,,,0.0,"17,3851",,0.0,14.0,,
210207,,,,0.0,"13,0348",,0.0,9.0,,
210208,,,,0.0,"14,1298",,0.0,8.0,,
210209,,,,0.0,"19,1801",,0.0,8.0,,
210210,,,,0.0,"19,8195",,0.0,9.0,,
210211,,,,0.0,"20,4643",,0.0,6.0,,
210212,,,,0.0,"11,404",,0.0,8.0,,
210213,,,,0.0,"13,4796",,0.0,5.0,,
210214,,,,0.0,"10,6204",,0.0,7.0,,
210215,,,,0.0,"8,92845",,0.0,9.0,,
210216,,,,0.0,"13,0008",,0.0,4.0,,
210217,,,,0.0,"11,6158",,0.0,6.0,,
210218,,,,0.0,"10,2164",,0.0,10.0,,
210219,,,,0.0,"6,38488",,0.0,11.0,,
210220,,,,0.0,"9,64595",,0.0,7.0,,
210221,,,,0.0,"10,1025",,0.0,9.0,,
210222,,,,0.0,"8,59085",,0.0,8.0,,
210223,,,,0.0,"10,0739",,0.0,6.0,,
210224,,,,0.0,"14,0563",,0.0,5.0,,
210225,,,,0.0,"14,5026",,0.0,4.0,,
210226,,,,0.0,"15,7076",,0.0,7.0,,
210227,,,,0.0,"16,3135",,0.0,6.0,,
210228,,,,0.0,"12,6087",,0.0,8.0,,
210301,,,,0.0,"14,4912",,0.0,5.0,,
210302,,,,0.0,"13,5584",,0.0,11.0,,
210303,,,,0.0,"13,8992",,0.0,11.0,,
210304,,,,0.0,"10,7389",,0.0,11.0,,
210305,,,,0.0,"12,3981",,0.0,7.0,,
210306,,,,0.0,"14,7871",,0.0,4.0,,
210307,,,,0.0,"12,4326",,0.0,10.0,,
210308,,,,0.0,"7,00752",,0.0,13.0,,
210309,,,,0.0,"9,64148",,0.0,22.0,,
210310,,,,0.0,"11,0222",,0.0,16.0,,
210311,,,,0.0,"6,4417",,0.0,11.0,,
210312,,,,0.0,"11,1601",,0.0,9.0,,
210313,,,,0.0,"9,94507",,0.0,10.0,,
210314,,,,0.0,"9,00635",,0.0,20.0,,
210315,,,,0.0,"12,9339",,0.0,9.0,,
210316,,,,0.0,"8,63123",,0.0,20.0,,
210317,,,,0.0,"6,58614",,0.0,50.0,,
210318,,,,0.0,"5,8396",,0.0,29.0,,
210319,,,,0.0,"10,9893",,0.0,12.0,,
210320,,,,0.0,"9,30562",,0.0,11.0,,
210321,,,,0.0,"9,2645",,0.0,12.0,,
210322,,,,0.0,"10,4593",,0.0,11.0,,
210323,,,,0.0,"11,5558",,0.0,12.0,,
210324,,,,0.0,"7,2598",,0.0,19.0,,
210325,,,,0.0,"6,21529",,0.0,21.0,,
210326,,,,0.0,"8,67458",,0.0,14.0,,
210327,,,,0.0,"11,6993",,0.0,11.0,,
210328,,,,0.0,"11,7751",,0.0,12.0,,
210329,,,,0.0,"12,2565",,0.0,15.0,,
210330,,,,0.0,"12,8955",,0.0,7.0,,
210331,,,,0.0,"14,3487",,0.0,15.0,,
210401,,,,0.0,"11,796",,0.0,23.0,,
210402,,,,0.0,"9,40338",,0.0,18.0,,
210403,,,,0.0,"9,99828",,0.0,13.0,,
210404,,,,0.0,"7,58999",,0.0,21.0,,
210405,,,,0.0,"11,3837",,0.0,16.0,,
210406,,,,0.0,"12,0468",,0.0,17.0,,
210407,,,,0.0,"9,53339",,0.0,21.0,,
210408,,,,0.0,"7,99611",,0.0,23.0,,
210409,,,,0.0,"6,8708",,0.0,43.0,,
210410,,,,0.0,"5,72528",,0.0,24.0,,
210411,,,,0.0,"10,7901",,0.0,18.0,,
210412,,,,0.0,"11,1342",,0.0,17.0,,
210413,,,,0.0,"11,839",,0.0,21.0,,
210414,,,,0.0,"15,5481",,0.0,13.0,,
210415,,,,0.0,"7,33505",,0.0,10.0,,
210416,,,,0.0,"10,0376",,0.0,15.0,,
210417,,,,0.0,"9,03841",,0.0,48.0,,
210418,,,,0.0,"8,30574",,0.0,53.0,,
210419,,,,0.0,"12,1199",,0.0,31.0,,
210420,,,,0.0,"5,60339",,0.0,42.0,,
210421,,,,0.0,"7,71065",,0.0,44.0,,
210422,,,,0.0,"5,92403",,0.0,58.0,,
210423,,,,0.0,"2,97435",,0.0,36.0,,
210424,,,,0.0,"8,17397",,0.0,50.0,,
210425,,,,0.0,"6,18396",,0.0,28.0,,
210426,,,,0.0,"9,96761",,0.0,22.0,,
210427,,,,0.0,"12,1476",,0.0,25.0,,
210428,,,,0.0,"6,97921",,0.0,25.0,,
210429,,,,0.0,"7,69062",,0.0,36.0,,
210430,,,,0.0,"13,2562",,0.0,42.0,,
210501,,,,0.0,"7,94305",,0.0,47.0,,
210502,,,,0.0,"6,27235",,0.0,18.0,,
210503,,,,0.0,"3,48279",,0.0,48.0,,
210504,,,,0.0,"3,01185",,0.0,59.0,,
210505,,,,0.0,"0,565033",,0.0,137.0,,
210506,,,,0.0,"0,846757",,0.0,278.0,,
210507,,,,0.0,"0,537086",,0.0,242.0,,
210508,,,,0.0,"2,8248",,0.0,42.0,,
210509,,,,0.0,"4,78788",,0.0,36.0,,
210510,,,,0.0,"3,93743",,0.0,80.0,,
210511,,,,0.0,"0,000916666",,0.0,60.0,,
210512,,,,0.0,"10,4892",,0.0,25.0,,
210513,,,,0.0,"7,86687",,0.0,57.0,,
210514,,,,0.0,"1,11291",,0.0,116.0,,
210515,,,,0.0,"3,86641",,0.0,77.0,,
210516,,,,0.0,"3,17578",,0.0,129.0,,
210517,,,,0.0,"0,91517",,0.0,127.0,,
210518,,,,0.0,"5,52754",,0.0,238.0,,
210519,,,,0.0,"3,3512",,0.0,182.0,,
210520,,,,0.0,"5,47109",,0.0,128.0,,
210521,,,,0.0,"4,54848",,0.0,110.0,,
210522,,,,0.0,"3,21984",,0.0,51.0,,
210523,,,,0.0,"6,44291",,0.0,42.0,,
210524,,,,0.0,"9,48479",,0.0,22.0,,
210525,,,,0.0,"2,97744",,0.0,,,
210526,,,,0.0,"0,80134",,0.0,47.0,,
210527,,,,0.0,"5,77777",,0.0,55.0,,
210528,,,,0.0,"3,49626",,0.0,51.0,,
210529,,,,0.0,"1,51439",,0.0,35.0,,
210530,,,,0.0,"3,8571",,0.0,60.0,,
210531,,,,0.0,"6,41888",,0.0,40.0,,
210601,,,,0.0,"7,7257",,0.0,26.0,,
210602,,,,0.0,"5,04878",,0.0,51.0,,
210603,,,,0.0,"3,5901",,0.0,41.0,,
210604,,,,0.0,"3,93802",,0.0,30.0,,
210605,,,,0.0,"2,06945",,0.0,28.0,,
210606,,,,0.0,"3,63718",,0.0,38.0,,
210607,,,,0.0,"5,73796",,0.0,96.0,,
210608,,,,0.0,"6,83737",,0.0,55.0,,
210609,,,,0.0,"4,78914",,0.0,50.0,,
210610,,,,0.0,"2,36711",,0.0,59.0,,
210611,,,,0.0,"6,33519",,0.0,52.0,,
210612,,,,0.0,"10,4313",,0.0,45.0,,
210613,,,,0.0,"3,56569",,0.0,66.0,,
210614,,,,0.0,"0,39893",,0.0,59.0,,
210615,,,,0.0,"-1,52984",,0.0,221.0,,
210616,,,,0.0,"-3,52459",,0.0,340.0,,
210617,,,,0.0,"-3,66842",,0.0,415.0,,
210618,,,,0.0,"-4,52887",,0.0,271.0,,
210619,,,,0.0,"-3,96593",,0.0,92.0,,
210620,,,,0.0,"3,08945",,0.0,164.0,,
210621,,,,0.0,"1,74943",,0.0,169.0,,
210622,,,,0.0,"-0,00841734",,0.0,187.0,,
210623,,,,0.0,"-0,66078",,0.0,129.0,,
210624,,,,0.0,"2,56278",,0.0,57.0,,
210625,,,,0.0,"0,82434",,0.0,68.0,,
210626,,,,0.0,"1,68334",,0.0,94.0,,
210627,,,,0.0,"-2,23083",,0.0,185.0,,
210628,,,,0.0,"-3,14228",,0.0,265.0,,
210629,,,,0.0,"-2,61344",,0.0,303.0,,
210630,,,,0.0,"3,2077",,0.0,118.0,,
210701,,,,0.0,"5,05677",,0.0,33.0,,
210702,,,,0.0,"3,84853",,0.0,40.0,,
210703,,,,0.0,"9,46971",,0.0,20.0,,
210704,,,,0.0,"9,41292",,0.0,41.0,,
210705,,,,0.0,"7,00164",,0.0,53.0,,
210706,,,,0.0,"7,0061",,0.0,60.0,,
210707,,,,0.0,"5,72815",,0.0,71.0,,
210708,,,,0.0,"2,18686",,0.0,97.0,,
210709,,,,0.0,"3,7355",,0.0,78.0,,
210710,,,,0.0,"3,04295",,0.0,24.0,,
210711,,,,0.0,"5,30419",,0.0,15.0,,
210712,,,,0.0,"3,26341",,0.0,26.0,,
210713,,,,0.0,"4,34911",,0.0,43.0,,
210714,,,,0.0,"2,38683",,0.0,40.0,,
210715,,,,0.0,"3,67033",,0.0,32.0,,
210716,,,,0.0,"2,33992",,0.0,31.0,,
210717,,,,0.0,"3,03758",,0.0,41.0,,
210718,,,,0.0,"1,61783",,0.0,47.0,,
210719,,,,0.0,"4,88084",,0.0,38.0,,
210720,,,,0.0,"6,19492",,0.0,44.0,,
210721,,,,0.0,"5,48792",,0.0,41.0,,
210722,,,,0.0,"8,52501",,0.0,31.0,,
210723,,,,0.0,"2,53325",,0.0,35.0,,
210724,,,,0.0,"2,40934",,0.0,78.0,,
210725,,,,0.0,"2,06108",,0.0,45.0,,
210726,,,,0.0,"1,71225",,0.0,45.0,,
210727,,,,0.0,"2,87992",,0.0,43.0,,
210728,,,,0.0,"3,67133",,0.0,29.0,,
210729,,,,0.0,"4,34608",,0.0,28.0,,
210730,,,,0.0,"2,73033",,0.0,54.0,,
210731,,,,0.0,"0,860667",,0.0,51.0,,
210801,,,,0.0,"2,63433",,0.0,27.0,,
210802,,,,0.0,"9,21918",,0.0,35.0,,
210803,,,,0.0,"4,69633",,0.0,97.0,,
210804,,,,0.0,"-0,283583",,0.0,257.0,,
210805,,,,0.0,"-0,112583",,0.0,81.0,,
210806,,,,0.0,"5,20626",,0.0,35.0,,
210807,,,,0.0,"0,820917",,0.0,27.0,,
210808,,,,0.0,"3,54842",,0.0,36.0,,
210809,,,,0.0,"2,18183",,0.0,43.0,,
210810,,,,0.0,"2,32658",,0.0,72.0,,
210811,,,,0.0,"-0,49075",,0.0,73.0,,
210812,,,,0.0,"-0,4445",,0.0,93.0,,
210813,,,,0.0,"5,74409",,0.0,44.0,,
210814,,,,0.0,"5,43975",,0.0,38.0,,
210815,,,,0.0,"2,57408",,0.0,77.0,,
210816,,,,0.0,"2,5625",,0.0,64.0,,
210817,,,,0.0,"4,17933",,0.0,40.0,,
210818,,,,0.0,"2,73349",,0.0,62.0,,
210819,,,,0.0,"2,96625",,0.0,79.0,,
210820,,,,0.0,"1,25633",,0.0,69.0,,
210821,,,,0.0,"0,0539168",,0.0,81.0,,
210822,,,,0.0,"1,10083",,0.0,46.0,,
210823,,,,0.0,"0,679834",,0.0,33.0,,
210824,,,,0.0,"1,25425",,0.0,23.0,,
210825,,,,0.0,"1,178",,0.0,26.0,,
210826,,,,0.0,"-0,146083",,0.0,58.0,,
210827,,,,0.0,"0,41675",,0.0,59.0,,
210828,,,,0.0,"3,98458",,0.0,28.0,,
210829,,,,0.0,"4,52392",,0.0,78.0,,
210830,,,,0.0,"4,6545",,0.0,69.0,,
210831,,,,0.0,"6,48475",,0.0,35.0,,
210901,,,,0.0,"4,38125",,0.0,60.0,,
210902,,,,0.0,"4,01908",,0.0,105.0,,
210903,,,,0.0,"2,46617",,0.0,63.0,,
210904,,,,0.0,"5,10608",,0.0,48.0,,
210905,,,,0.0,"6,3971",,0.0,72.0,,
210906,,,,0.0,"1,98008",,0.0,99.0,,
210907,,,,0.0,"1,789",,0.0,54.0,,
210908,,,,0.0,"8,08301",,0.0,26.0,,
210909,,,,0.0,"6,30942",,0.0,36.0,,
210910,,,,0.0,"4,63068",,0.0,47.0,,
210911,,,,0.0,"4,86108",,0.0,28.0,,
210912,,,,0.0,"4,75117",,0.0,19.0,,
210913,,,,0.0,"2,41917",,0.0,21.0,,
210914,,,,0.0,"5,10208",,0.0,14.0,,
210915,,,,0.0,"6,32544",,0.0,19.0,,
210916,,,,0.0,"7,4665",,0.0,29.0,,
210917,,,,0.0,"5,41825",,0.0,21.0,,
210918,,,,0.0,"4,26833",,0.0,26.0,,
210919,,,,0.0,"3,39717",,0.0,30.0,,
210920,,,,0.0,"4,36243",,0.0,22.0,,
210921,,,,0.0,"4,79276",,0.0,30.0,,
210922,,,,0.0,"7,1116",,0.0,17.0,,
210923,,,,0.0,"7,36983",,0.0,20.0,,
210924,,,,0.0,"8,15892",,0.0,17.0,,
210925,,,,0.0,"10,5525",,0.0,20.0,,
210926,,,,0.0,"1,97584",,0.0,19.0,,
210927,,,,0.0,"3,1975",,0.0,18.0,,
210928,,,,0.0,"5,96742",,0.0,16.0,,
210929,,,,0.0,"4,85275",,0.0,24.0,,
210930,,,,0.0,"5,23658",,0.0,17.0,,
211001,,,,0.0,"3,59976",,0.0,38.0,,
211002,,,,0.0,"2,14742",,0.0,25.0,,
211003,,,,0.0,"4,41358",,0.0,12.0,,
211004,,,,0.0,"5,10992",,0.0,18.0,,
211005,,,,0.0,"3,78167",,0.0,25.0,,
211006,,,,0.0,"3,49775",,0.0,17.0,,
211007,,,,0.0,"5,68642",,0.0,32.0,,
211008,,,,0.0,"8,11607",,0.0,15.0,,
211009,,,,0.0,"8,16251",,0.0,12.0,,
211010,,,,0.0,"9,38419",,0.0,13.0,,
211011,,,,0.0,"8,09917",,0.0,20.0,,
211012,,,,0.0,"6,30551",,0.0,27.0,,
211013,,,,0.0,"9,38918",,0.0,22.0,,
211014,,,,0.0,"2,35058",,0.0,18.0,,
211015,,,,0.0,"4,4765",,0.0,11.0,,
211016,,,,0.0,"6,51783",,0.0,10.0,,
211017,,,,0.0,"5,50851",,0.0,15.0,,
211018,,,,0.0,"7,45167",,0.0,10.0,,
211019,,,,0.0,"8,41499",,0.0,12.0,,
211020,,,,0.0,"11,4492",,0.0,10.0,,
211021,,,,0.0,"5,43883",,0.0,16.0,,
211022,,,,0.0,"4,49567",,0.0,17.0,,
211023,,,,0.0,"7,03608",,0.0,12.0,,
211024,,,,0.0,"5,05042",,0.0,12.0,,
211025,,,,0.0,"6,73234",,0.0,13.0,,
211026,,,,0.0,"6,72667",,0.0,12.0,,
211027,,,,0.0,"10,6983",,0.0,13.0,,
211028,,,,0.0,"10,4008",,0.0,10.0,,
211029,,,,0.0,"11,1917",,0.0,17.0,,
211030,,,,0.0,"3,02876",,0.0,17.0,,
211031,,,,0.0,"7,64725",,0.0,8.0,,
211101,,,,0.0,"9,57419",,0.0,18.0,,
211102,,,,0.0,"9,2625",,0.0,11.0,,
211103,,,,0.0,"8,80917",,0.0,16.0,,
211104,,,,0.0,"3,82142",,0.0,14.0,,
211105,,,,0.0,"6,37683",,0.0,12.0,,
211106,,,,0.0,"6,54542",,0.0,11.0,,
211107,,,,0.0,"10,6017",,0.0,13.0,,
211108,,,,0.0,"7,49508",,0.0,18.0,,
211109,,,,0.0,"8,8317",,0.0,12.0,,
211110,,,,0.0,"12,9033",,0.0,13.0,,
211111,,,,0.0,"6,16493",,0.0,17.0,,
211112,,,,0.0,"9,07417",,0.0,13.0,,
211113,,,,0.0,"10,2808",,0.0,9.0,,
211114,,,,0.0,"8,09792",,0.0,15.0,,
211115,,,,0.0,"1,91658",,0.0,21.0,,
211116,,,,0.0,"5,49751",,0.0,13.0,,
211117,,,,0.0,"8,00043",,0.0,8.0,,
211118,,,,0.0,"9,05583",,0.0,7.0,,
211119,,,,0.0,"10,4667",,0.0,7.0,,
211120,,,,0.0,"11,5867",,0.0,8.0,,
211121,,,,0.0,"10,1067",,0.0,8.0,,
211122,,,,0.0,"9,73334",,0.0,5.0,,
211123,,,,0.0,"10,475",,0.0,4.0,,
211124,,,,0.0,"10,6617",,0.0,8.0,,
211125,,,,0.0,"11,6508",,0.0,7.0,,
211126,,,,0.0,"7,10417",,0.0,12.0,,
211127,,,,0.0,"6,59975",,0.0,12.0,,
211128,,,,0.0,"8,37582",,0.0,6.0,,
211129,,,,0.0,"9,0717",,0.0,12.0,,
211130,,,,0.0,"7,928",,0.0,8.0,,
211201,,,,0.0,"10,2008",,0.0,9.0,,
211202,,,,0.0,"5,69508",,0.0,10.0,,
211203,,,,0.0,"7,4765",,0.0,7.0,,
211204,,,,0.0,"9,40836",,0.0,7.0,,
211205,,,,0.0,"12,2808",,0.0,5.0,,
211206,,,,0.0,"13,0717",,0.0,6.0,,
211207,,,,0.0,"16,5992",,0.0,4.0,,
211208,,,,0.0,"14,165",,0.0,12.0,,
211209,,,,0.0,"13,2317",,0.0,6.0,,
211210,,,,0.0,"16,1984",,0.0,5.0,,
211211,,,,0.0,"14,1042",,0.0,6.0,,
211212,,,,0.0,"6,78267",,0.0,5.0,,
211213,,,,0.0,"8,80167",,0.0,8.0,,
211214,,,,0.0,"8,64333",,0.0,7.0,,
211215,,,,0.0,"10,5075",,0.0,5.0,,
211216,,,,0.0,"10,4483",,0.0,3.0,,
211217,,,,0.0,"17,5567",,0.0,6.0,,
211218,,,,0.0,"16,8842",,0.0,7.0,,
211219,,,,0.0,"14,5608",,0.0,3.0,,
211220,,,,0.0,"13,2792",,0.0,4.0,,
211221,,,,0.0,"12,8033",,0.0,4.0,,
211222,,,,0.0,"14,7925",,0.0,6.0,,
211223,,,,0.0,"19,4667",,0.0,4.0,,
211224,,,,0.0,"13,9475",,0.0,4.0,,
211225,,,,0.0,"13,8875",,0.0,3.0,,
211226,,,,0.0,"13,3708",,0.0,2.0,,
211227,,,,0.0,"15,5308",,0.0,3.0,,
211228,,,,0.0,"11,5983",,0.0,3.0,,
211229,,,,0.0,"14,9867",,0.0,3.0,,
211230,,,,0.0,"9,86917",,0.0,5.0,,
211231,,,,0.0,"9,76337",,0.0,9.0,,
220101,,,,0.0,"8,44417",,0.0,10.0,,
220102,,,,0.0,"6,41367",,0.0,9.0,,
220103,,,,0.0,"7,54584",,0.0,9.0,,
220104,,,,0.0,"7,28958",,0.0,6.0,,
220105,,,,0.0,"10,8025",,0.0,3.0,,
220106,,,,0.0,"13,62",,0.0,3.0,,
220107,,,,0.0,"16,4842",,0.0,3.0,,
220108,,,,0.0,"15,1442",,0.0,4.0,,
220109,,,,0.0,"13,2033",,0.0,4.0,,
220110,,,,0.0,,,0.0,3.0,,
220111,,,,0.0,"12,6342",,0.0,3.0,,
220112,,,,0.0,"14,2033",,0.0,2.0,,
220113,,,,0.0,"12,5933",,0.0,4.0,,
220114,,,,0.0,"12,9667",,0.0,2.0,,
220115,,,,0.0,"10,0467",,0.0,6.0,,
220116,,,,0.0,"4,86575",,0.0,6.0,,
220117,,,,0.0,"4,89067",,0.0,11.0,,
220118,,,,0.0,"6,99567",,0.0,9.0,,
220119,,,,0.0,"9,64169",,0.0,8.0,,
220120,,,,0.0,"14,3958",,0.0,8.0,,
220121,,,,0.0,"10,2558",,0.0,5.0,,
220122,,,,0.0,"11,3842",,0.0,7.0,,
220123,,,,0.0,"8,22667",,0.0,5.0,,
220124,,,,0.0,"9,58749",,0.0,4.0,,
220125,,,,0.0,"11,835",,0.0,,,10.0
220126,,,,0.0,"11,8808",,0.0,,,5.0
220127,,,,0.0,"13,7583",,0.0,,,5.0
220128,,,,0.0,"16,3925",,0.0,,,5.0
220129,,,,0.0,"17,2833",,0.0,5.0,,
220130,,,,0.0,"7,54292",,0.0,6.0,,
220131,,,,0.0,"8,68333",,0.0,5.0,,
220201,,,,0.0,"12,2825",,0.0,4.0,,
220202,,,,0.0,"11,7142",,0.0,2.0,,
220203,,,,0.0,"12,3842",,0.0,3.0,,
220204,,,,0.0,"11,8267",,0.0,5.0,,
220205,,,,0.0,"13,1508",,0.0,4.0,,
220206,,,,0.0,"12,99",,0.0,4.0,,
220207,,,,0.0,"16,8042",,0.0,3.0,,
220208,,,,0.0,"13,0317",,0.0,6.0,,
220209,,,,0.0,"12,1208",,0.0,5.0,,
220210,,,,0.0,"9,26418",,0.0,7.0,,
220211,,,,0.0,"7,23117",,0.0,5.0,,
220212,,,,0.0,"11,6375",,0.0,3.0,,
220213,,,,0.0,"17,085",,0.0,3.0,,
220214,,,,0.0,"14,0242",,0.0,6.0,,
220215,,,,0.0,"11,8783",,0.0,7.0,,
220216,,,,0.0,"8,78168",,0.0,8.0,,
220217,,,,0.0,"9,07919",,0.0,5.0,,
220218,,,,0.0,"13,4083",,0.0,3.0,,
220219,,,,0.0,"13,8942",,0.0,5.0,,
220220,,,,0.0,"13,2625",,0.0,10.0,,
220221,,,,0.0,"10,55",,0.0,6.0,,
220222,,,,0.0,"10,22",,0.0,17.0,,
220223,,,,0.0,"11,1475",,0.0,10.0,,
220224,,,,0.0,"16,2142",,0.0,6.0,,
220225,,,,0.0,"13,2433",,0.0,8.0,,
220226,,,,0.0,"9,40916",,0.0,10.0,,
220227,,,,0.0,"8,96584",,0.0,8.0,,
220228,,,,0.0,"6,93675",,0.0,9.0,,
220301,,,,0.0,"9,73917",,0.0,5.0,,
220302,,,,0.0,"11,0775",,0.0,5.0,,
220303,,,,0.0,"15,7875",,0.0,8.0,,
220304,,,,0.0,"6,16559",,0.0,12.0,,
220305,,,,0.0,"6,65867",,0.0,13.0,,
220306,,,,0.0,"7,5721",,0.0,22.0,,
220307,,,,0.0,"10,27",,0.0,17.0,,
220308,,,,0.0,"8,64417",,0.0,26.0,,
220309,,,,0.0,"5,99593",,0.0,14.0,,
220310,,,,0.0,"8,66585",,0.0,14.0,,
220311,,,,0.0,"10,4575",,0.0,10.0,,
220312,,,,0.0,"11,5858",,0.0,16.0,,
220313,,,,0.0,"12,0508",,0.0,8.0,,
220314,,,,0.0,"10,8725",,0.0,12.0,,
220315,,,,0.0,"12,6092",,0.0,10.0,,
220316,,,,0.0,"13,535",,0.0,12.0,,
220317,,,,0.0,"7,53125",,0.0,12.0,,
220318,,,,0.0,"5,2525",,0.0,24.0,,
220319,,,,0.0,"3,01025",,0.0,49.0,,
220320,,,,0.0,"8,81",,0.0,30.0,,
220321,,,,0.0,"10,5258",,0.0,11.0,,
220322,,,,0.0,"9,95084",,0.0,13.0,,
220323,,,,0.0,"8,15401",,0.0,17.0,,
220324,,,,0.0,"8,46133",,0.0,15.0,,
220325,,,,0.0,"8,93001",,0.0,16.0,,
220326,,,,0.0,"7,55418",,0.0,21.0,,
220327,,,,0.0,"6,90356",,0.0,21.0,,
220328,,,,0.0,"8,10083",,0.0,21.0,,
220329,,,,0.0,"1,64092",,0.0,33.0,,
220330,,,,0.0,"4,31217",,0.0,40.0,,
220331,,,,0.0,"5,672",,0.0,16.0,,
220401,,,,0.0,"8,57584",,0.0,14.0,,
220402,,,,0.0,"10,8408",,0.0,21.0,,
220403,,,,0.0,"4,89308",,0.0,9.0,,
220404,,,,0.0,"6,89617",,0.0,9.0,,
220405,,,,0.0,"11,0775",,0.0,18.0,,
220406,,,,0.0,"11,6692",,0.0,24.0,,
220407,,,,0.0,"3,59675",,0.0,41.0,,
220408,,,,0.0,"4,49859",,0.0,46.0,,
220409,,,,0.0,"5,272",,0.0,32.0,,
220410,,,,0.0,"8,84085",,0.0,11.0,,
220411,,,,0.0,"9,12334",,0.0,25.0,,
220412,,,,0.0,"4,83183",,0.0,20.0,,
220413,,,,0.0,"8,59419",,0.0,10.0,,
220414,,,,0.0,"8,83749",,0.0,30.0,,
220415,,,,0.0,"9,66168",,0.0,22.0,,
220416,,,,0.0,"7,95117",,0.0,32.0,,
220417,,,,0.0,"3,94033",,0.0,53.0,,
220418,,,,0.0,"9,82333",,0.0,20.0,,
220419,,,,0.0,"8,61667",,0.0,16.0,,
220420,,,,0.0,"5,70733",,0.0,17.0,,
220421,,,,0.0,"7,90225",,0.0,43.0,,
220422,,,,0.0,"5,228",,0.0,32.0,,
220423,,,,0.0,"4,70258",,0.0,28.0,,
220424,,,,0.0,"3,72108",,0.0,28.0,,
220425,,,,0.0,"1,83242",,0.0,41.0,,
220426,,,,0.0,"2,10733",,0.0,27.0,,
220427,,,,0.0,"-0,0989166",,0.0,105.0,,
220428,,,,0.0,"0,666334",,0.0,75.0,,
220429,,,,0.0,"1,52525",,0.0,54.0,,
220430,,,,0.0,"3,52043",,0.0,24.0,,
220501,,,,0.0,"6,45967",,0.0,39.0,,
220502,,,,0.0,"6,25033",,0.0,19.0,,
220503,,,,0.0,"7,99742",,0.0,30.0,,
220504,,,,0.0,"5,46606",,0.0,29.0,,
220505,,,,0.0,"5,66001",,0.0,31.0,,
220506,,,,0.0,"6,32533",,0.0,49.0,,
220507,,,,0.0,"9,205",,0.0,31.0,,
220508,,,,0.0,"12,325",,0.0,17.0,,
220509,,,,0.0,"5,18",,0.0,26.0,,
220510,,,,0.0,"6,292",,0.0,68.0,,
220511,,,,0.0,"1,68067",,0.0,124.0,,
220512,,,,0.0,"5,21817",,0.0,73.0,,
220513,,,,0.0,"4,56543",,0.0,46.0,,
220514,,,,0.0,"5,451",,0.0,89.0,,
220515,,,,0.0,"-0,114833",,0.0,242.0,,
220516,,,,0.0,"0,138",,0.0,332.0,,
220517,,,,0.0,"-0,51375",,0.0,322.0,,
220518,,,,0.0,"-1,31358",,0.0,341.0,,
220519,,,,0.0,"-1,08758",,0.0,279.0,,
220520,,,,0.0,"2,96775",,0.0,172.0,,
220521,,,,0.0,"4,93675",,0.0,61.0,,
220522,,,,0.0,"1,59792",,0.0,33.0,,
220523,,,,0.0,"0,679834",,0.0,34.0,,
220524,,,,0.0,"0,212583",,0.0,50.0,,
220525,,,,0.0,"-0,637668",,0.0,52.0,,
220526,,,,0.0,"0,471667",,0.0,47.0,,
220527,,,,0.0,"1,60775",,0.0,62.0,,
220528,,,,0.0,"1,16725",,0.0,65.0,,
220529,,,,0.0,"0,185083",,0.0,131.0,,
220530,,,,0.0,"-2,99268",,0.0,155.0,,
220531,,,,0.0,"-4,2965",,0.0,116.0,,
220601,,,,0.0,"-5,36792",,0.0,220.0,,
220602,,,,0.0,"-4,48943",,0.0,245.0,,
220603,,,,0.0,"-1,54117",,0.0,174.0,,
220604,,,,0.0,"2,52333",,0.0,51.0,,
220605,,,,0.0,"2,9395",,0.0,54.0,,
220606,,,,0.0,"2,25975",,0.0,72.0,,
220607,,,,0.0,"1,67208",,0.0,43.0,,
220608,,,,0.0,"5,92927",,0.0,77.0,,
220609,,,,0.0,"0,313334",,0.0,57.0,,
220610,,,,0.0,"0,03125",,0.0,81.0,,
220611,,,,0.0,"-1,87617",,0.0,358.0,,
220612,,,,0.0,"-2,628",,0.0,258.0,,
220613,,,,0.0,"1,83417",,0.0,129.0,,
220614,,,,0.0,"2,47792",,0.0,176.0,,
220615,,,,0.0,"1,20417",,0.0,75.0,,
220616,,,,0.0,"4,17233",,0.0,31.0,,
220617,,,,0.0,"2,70467",,0.0,23.0,,
220618,,,,0.0,"3,18608",,0.0,46.0,,
220619,,,,0.0,"1,284",,0.0,49.0,,
220620,,,,0.0,"-0,196333",,0.0,132.0,,
220621,,,,0.0,"-2,45667",,0.0,259.0,,
220622,,,,0.0,"-5,26292",,0.0,287.0,,
220623,,,,0.0,"-5,79092",,0.0,308.0,,
220624,,,,0.0,"-4,98943",,0.0,342.0,,
220625,,,,0.0,"-4,85542",,0.0,279.0,,
220626,,,,0.0,"-5,6215",,0.0,87.0,,
220627,,,,0.0,"5,16508",,0.0,57.0,,
220628,,,,0.0,"2,94201",,0.0,66.0,,
220629,,,,0.0,"1,4095",,0.0,59.0,,
220630,,,,0.0,"0,843417",,0.0,66.0,,
220701,,,,0.0,"0,768167",,0.0,88.0,,
220702,,,,0.0,"-1,0595",,0.0,87.0,,
220703,,,,0.0,"0,675001",,0.0,91.0,,
220704,,,,0.0,"-0,0694168",,0.0,60.0,,
220705,,,,0.0,"-0,170583",,0.0,82.0,,
220706,,,,0.0,"-1,06842",,0.0,93.0,,
220707,,,,0.0,"0,04725",,0.0,109.0,,
220708,,,,0.0,"-0,729583",,0.0,157.0,,
220709,,,,0.0,"1,7165",,0.0,96.0,,
220710,,,,0.0,"0,79325",,0.0,41.0,,
220711,,,,0.0,"-4,45525",,0.0,93.0,,
220712,,,,0.0,"-2,71618",,0.0,69.0,,
220713,,,,0.0,"-1,63625",,0.0,133.0,,
220714,,,,0.0,"-1,03992",,0.0,74.0,,
220715,,,,0.0,"-0,0699166",,0.0,70.0,,
220716,,,,0.0,"-3,89067",,0.0,67.0,,
220717,,,,0.0,"1,6965",,0.0,44.0,,
220718,,,,0.0,"1,38708",,0.0,15.0,,
220719,,,,0.0,"5,36125",,0.0,25.0,,
220720,,,,0.0,"4,15558",,0.0,33.0,,
220721,,,,0.0,"-0,807916",,0.0,57.0,,
220722,,,,0.0,"-2,47842",,0.0,112.0,,
220723,,,,0.0,"-6,74725",,0.0,110.0,,
220724,,,,0.0,"-1,97042",,0.0,95.0,,
220725,,,,0.0,"-0,49525",,0.0,146.0,,
220726,,,,0.0,"-3,25592",,0.0,101.0,,
220727,,,,0.0,"-0,93175",,0.0,64.0,,
220728,,,,0.0,"3,58958",,0.0,16.0,,
220729,,,,0.0,"5,59675",,0.0,29.0,,
220730,,,,0.0,"3,17292",,0.0,62.0,,
220731,,,,0.0,"1,40783",,0.0,53.0,,
220801,,,,0.0,"1,99925",,0.0,37.0,,
220802,,,,0.0,"1,52675",,0.0,45.0,,
220803,,,,0.0,"1,97592",,0.0,64.0,,
220804,,,,0.0,"2,38483",,0.0,46.0,,
220805,,,,0.0,"0,0903333",,0.0,151.0,,
220806,,,,0.0,"-1,84783",,0.0,81.0,,
220807,,,,0.0,"1,93325",,0.0,31.0,,
220808,,,,0.0,"1,49692",,0.0,57.0,,
220809,,,,0.0,"3,91692",,0.0,22.0,,
220810,,,,0.0,"6,20642",,0.0,27.0,,
220811,,,,0.0,"4,79984",,0.0,42.0,,
220812,,,,0.0,"4,10733",,0.0,26.0,,
220813,,,,0.0,"1,16458",,0.0,65.0,,
220814,,,,0.0,"0,855667",,0.0,35.0,,
220815,,,,0.0,"1,20383",,0.0,31.0,,
220816,,,,0.0,"2,48583",,0.0,31.0,,
220817,,,,0.0,"0,5675",,0.0,36.0,,
220818,,,,0.0,"2,7655",,0.0,15.0,,
220819,,,,0.0,"7,352",,0.0,20.0,,
220820,,,,0.0,"6,37867",,0.0,69.0,,
220821,,,,0.0,"4,14608",,0.0,44.0,,
220822,,,,0.0,"6,36443",,0.0,27.0,,
220823,,,,0.0,"3,19167",,0.0,34.0,,
220824,,,,0.0,"3,98475",,0.0,17.0,,
220825,,,,0.0,"2,60408",,0.0,26.0,,
220826,,,,0.0,"4,42134",,0.0,21.0,,
220827,,,,0.0,"0,999335",,0.0,37.0,,
220828,,,,0.0,"1,89508",,0.0,59.0,,
220829,,,,0.0,"0,346083",,0.0,100.0,,
220830,,,,0.0,"3,99708",,0.0,27.0,,
220831,,,,0.0,"6,07083",,0.0,30.0,,
220901,,,,0.0,"4,46233",,0.0,16.0,,
220902,,,,0.0,"4,80708",,0.0,10.0,,
220903,,,,0.0,"6,77317",,0.0,9.0,,
220904,,,,0.0,"9,18668",,0.0,10.0,,
220905,,,,0.0,"8,27658",,0.0,26.0,,
220906,,,,0.0,"4,94967",,0.0,67.0,,
220907,,,,0.0,"-0,525333",,0.0,45.0,,
220908,,,,0.0,"0,999584",,0.0,49.0,,
220909,,,,0.0,"4,36192",,0.0,17.0,,
220910,,,,0.0,"6,57834",,0.0,22.0,,
220911,,,,0.0,"5,60108",,0.0,31.0,,
220912,,,,0.0,"5,76776",,0.0,39.0,,
220913,,,,0.0,"5,86883",,0.0,34.0,,
220914,,,,0.0,"6,87858",,0.0,59.0,,
220915,,,,0.0,"1,6505",,0.0,45.0,,
220916,,,,0.0,"1,61242",,0.0,60.0,,
220917,,,,0.0,"0,723417",,0.0,34.0,,
220918,,,,0.0,"2,03325",,0.0,42.0,,
220919,,,,0.0,"1,69475",,0.0,45.0,,
220920,,,,0.0,"2,74525",,0.0,101.0,,
220921,,,,0.0,"0,153167",,0.0,43.0,,
220922,,,,0.0,"5,50335",,0.0,47.0,,
220923,,,,0.0,"3,37425",,0.0,28.0,,
220924,,,,0.0,"5,90508",,0.0,15.0,,
220925,,,,0.0,"4,67843",,0.0,17.0,,
220926,,,,0.0,"5,53643",,0.0,14.0,,
220927,,,,0.0,"4,60402",,0.0,14.0,,
220928,,,,0.0,"5,2475",,0.0,19.0,,
220929,,,,0.0,"7,44375",,0.0,25.0,,
220930,,,,0.0,"7,08083",,0.0,29.0,,
221001,,,,0.0,"4,92651",,0.0,51.0,,
221002,,,,0.0,"4,79183",,0.0,84.0,,
221003,,,,0.0,"9,6075",,0.0,48.0,,
221004,,,,0.0,"8,05275",,0.0,14.0,,
221005,,,,0.0,"6,57026",,0.0,13.0,,
221006,,,,0.0,"5,58967",,0.0,12.0,,
221007,,,,0.0,"3,43483",,0.0,22.0,,
221008,,,,0.0,"2,62975",,0.0,23.0,,
221009,,,,0.0,"4,48517",,0.0,13.0,,
221010,,,,0.0,"4,58794",,0.0,10.0,,
221011,,,,0.0,"6,91927",,0.0,11.0,,
221012,,,,0.0,"4,89617",,0.0,14.0,,
221013,,,,0.0,"1,83325",,0.0,17.0,,
221014,,,,0.0,"3,4685",,0.0,15.0,,
221015,,,,0.0,"7,32442",,0.0,14.0,,
221016,,,,0.0,"6,77484",,0.0,44.0,,
221017,,,,0.0,"9,24001",,0.0,31.0,,
221018,,,,0.0,"9,60918",,0.0,14.0,,
221019,,,,0.0,"12,7708",,0.0,9.0,,
221020,,,,0.0,"9,80898",,0.0,11.0,,
221021,,,,0.0,"2,47583",,0.0,16.0,,
221022,,,,0.0,"4,38608",,0.0,26.0,,
221023,,,,0.0,"6,93442",,0.0,16.0,,
221024,,,,0.0,"7,07242",,0.0,11.0,,
221025,,,,0.0,"8,80251",,0.0,18.0,,
221026,,,,0.0,"8,23167",,0.0,9.0,,
221027,,,,0.0,"8,54916",,0.0,17.0,,
221028,,,,0.0,"2,42942",,0.0,20.0,,
221029,,,,0.0,"1,98733",,0.0,17.0,,
221030,,,,0.0,"2,51426",,0.0,28.0,,
221031,,,,0.0,"4,72733",,0.0,10.0,,
221101,,,,0.0,"7,23117",,0.0,15.0,,
221102,,,,0.0,"6,5975",,0.0,31.0,,
221103,,,,0.0,"11,51",,0.0,24.0,,
221104,,,,0.0,"13,5325",,0.0,14.0,,
221105,,,,0.0,"13,8883",,0.0,9.0,,
221106,,,,0.0,"12,0233",,0.0,11.0,,
221107,,,,0.0,"10,3917",,0.0,13.0,,
221108,,,,0.0,"11,0667",,0.0,7.0,,
221109,,,,0.0,"10,6708",,0.0,8.0,,
221110,,,,0.0,"9,3075",,0.0,9.0,,
221111,,,,0.0,"10,1542",,0.0,11.0,,
221112,,,,0.0,"9,95917",,0.0,7.0,,
221113,,,,0.0,"11,1783",,0.0,6.0,,
221114,,,,0.0,"9,97252",,0.0,11.0,,
221115,,,,0.0,"9,12",,0.0,10.0,,
221116,,,,0.0,"7,06967",,0.0,11.0,,
221117,,,,0.0,"9,72334",,0.0,15.0,,
221118,,,,0.0,"10,6625",,0.0,9.0,,
221119,,,,0.0,"8,72917",,0.0,16.0,,
221120,,,,0.0,"3,83425",,0.0,16.0,,
221121,,,,0.0,"6,29392",,0.0,8.0,,
221122,,,,0.0,"9,61751",,0.0,5.0,,
221123,,,,0.0,"12,6317",,0.0,10.0,,
221124,,,,0.0,"5,37633",,0.0,11.0,,
221125,,,,0.0,"7,55509",,0.0,10.0,,
221126,,,,0.0,"9,12503",,0.0,8.0,,
221127,,,,0.0,"10,6817",,0.0,6.0,,
221128,,,,0.0,"14,15",,0.0,6.0,,
221129,,,,0.0,"13,0767",,0.0,4.0,,
221130,,,,0.0,"7,17708",,0.0,7.0,,
221201,,,,0.0,"7,35826",,0.0,6.0,,
221202,,,,0.0,"9,50166",,0.0,8.0,,
221203,,,,0.0,"10,2383",,0.0,10.0,,
221204,,,,0.0,"7,27142",,0.0,10.0,,
221205,,,,0.0,"8,97919",,0.0,14.0,,
221206,,,,0.0,"8,50333",,0.0,10.0,,
221207,,,,0.0,"8,27425",,0.0,11.0,,
221208,,,,0.0,"10,2442",,0.0,10.0,,
221209,,,,0.0,"7,77834",,0.0,13.0,,
221210,,,,0.0,"8,43832",,0.0,20.0,,
221211,,,,0.0,"8,73584",,0.0,9.0,,
221212,,,,0.0,"6,95275",,0.0,6.0,,
221213,,,,0.0,"12,2975",,0.0,9.0,,
221214,,,,0.0,"8,54834",,0.0,7.0,,
221215,,,,0.0,"8,58919",,0.0,8.0,,
221216,,,,0.0,"8,88254",,0.0,5.0,,
221217,,,,0.0,"12,6",,0.0,6.0,,
221218,,,,0.0,"9,64417",,0.0,5.0,,
221219,,,,0.0,"7,98542",,0.0,10.0,,
221220,,,,0.0,"13,4708",,0.0,9.0,,
221221,,,,0.0,"13,7242",,0.0,6.0,,
221222,,,,0.0,"14,7642",,0.0,7.0,,
221223,,,,0.0,"5,11159",,0.0,10.0,,
221224,,,,0.0,"7,95217",,0.0,7.0,,
221225,,,,0.0,"14,655",,0.0,4.0,,
221226,,,,0.0,"16,6817",,0.0,4.0,,
221227,,,,0.0,"8,8775",,0.0,6.0,,
221228,,,,0.0,"7,8755",,0.0,6.0,,
221229,,,,0.0,"10,105",,0.0,4.0,,
221230,,,,0.0,"10,0425",,0.0,5.0,,
221231,,,,0.0,"11,2342",,0.0,7.0,,
230101,,,,0.0,"8,69167",,0.0,6.0,,
230102,,,,0.0,"9,08833",,0.0,5.0,,
230103,,,,0.0,"10,2508",,0.0,3.0,,
230104,,,,0.0,"13,4783",,0.0,5.0,,
230105,,,,0.0,"14,1833",,0.0,2.0,,
230106,,,,0.0,"16,6042",,0.0,3.0,,
230107,,,,0.0,"13,6025",,0.0,5.0,,
230108,,,,0.0,"12,4308",,0.0,6.0,,
230109,,,,0.0,"15,0325",,0.0,5.0,,
230110,,,,0.0,"10,34",,0.0,17.0,,
230111,,,,0.0,"7,48225",,0.0,8.0,,
230112,,,,0.0,"8,90083",,0.0,7.0,,
230113,,,,0.0,"10,5675",,0.0,5.0,,
230114,,,,0.0,"10,6825",,0.0,8.0,,
230115,,,,0.0,"9,1125",,0.0,5.0,,
230116,,,,0.0,"10,2375",,0.0,5.0,,
230117,,,,0.0,"12,4883",,0.0,5.0,,
230118,,,,0.0,"14,9567",,0.0,7.0,,
230119,,,,0.0,"15,9175",,0.0,4.0,,
230120,,,,0.0,"19,915",,0.0,3.0,,
230121,,,,0.0,"16,0908",,0.0,2.0,,
230122,,,,0.0,"12,3925",,0.0,4.0,,
230123,,,,0.0,"11,6725",,0.0,6.0,,
230124,,,,0.0,"8,08301",,0.0,,,4.0
230125,,,,0.0,"8,5",,0.0,,,4.0
230126,,,,0.0,"8,60667",,0.0,,,4.0
230127,,,,0.0,"8,92917",,0.0,,,5.0
230128,,,,0.0,"11,3225",,0.0,3.0,,
230129,,,,0.0,"14,1817",,0.0,3.0,,
230130,,,,0.0,"16,535",,0.0,4.0,,
230131,,,,0.0,"9,47749",,0.0,6.0,,
230201,,,,0.0,"11,7208",,0.0,4.0,,
230202,,,,0.0,"12,1667",,0.0,4.0,,
230203,,,,0.0,"13,2908",,0.0,4.0,,
230204,,,,0.0,"17,5283",,0.0,4.0,,
230205,,,,0.0,"18,4617",,0.0,5.0,,
230206,,,,0.0,"11,8",,0.0,7.0,,
230207,,,,0.0,"11,6483",,0.0,4.0,,
230208,,,,0.0,"15,2275",,0.0,3.0,,
230209,,,,0.0,"16,8808",,0.0,5.0,,
230210,,,,0.0,"11,0542",,0.0,7.0,,
230211,,,,0.0,"12,5867",,0.0,8.0,,
230212,,,,0.0,"10,7233",,0.0,6.0,,
230213,,,,0.0,"8,14",,0.0,14.0,,
230214,,,,0.0,"6,44692",,0.0,9.0,,
230215,,,,0.0,"11,135",,0.0,,,11.0
230216,,,,0.0,"5,83208",,0.0,20.0,,
230217,,,,0.0,"8,43152",,0.0,11.0,,
230218,,,,0.0,"11,8958",,0.0,5.0,,
230219,,,,0.0,"10,2958",,0.0,9.0,,
230220,,,,0.0,"9,47833",,0.0,7.0,,
230221,,,,0.0,"10,8125",,0.0,6.0,,
230222,,,,0.0,"10,935",,0.0,5.0,,
230223,,,,0.0,"10,9108",,0.0,5.0,,
230224,,,,0.0,"11,645",,0.0,9.0,,
230225,,,,0.0,"5,74767",,0.0,10.0,,
230226,,,,0.0,"7,76542",,0.0,7.0,,
230227,,,,0.0,"11,7642",,0.0,4.0,,
230228,,,,0.0,"15,1017",,0.0,,,
230301,,,,0.0,"11,0758",,0.0,,,
230302,,,,0.0,"10,0008",,0.0,6.0,,
230303,,,,0.0,"11,2167",,0.0,10.0,,
230304,,,,0.0,"7,32383",,0.0,15.0,,
230305,,,,0.0,"10,5308",,0.0,9.0,,
230306,,,,0.0,"9,91084",,0.0,12.0,,
230307,,,,0.0,"7,53233",,0.0,18.0,,
230308,,,,0.0,"7,08742",,0.0,15.0,,
230309,,,,0.0,"8,67917",,0.0,14.0,,
230310,,,,0.0,"10,74",,0.0,21.0,,
230311,,,,0.0,"12,6308",,0.0,28.0,,
230312,,,,0.0,"13,8492",,0.0,9.0,,
230313,,,,0.0,"9,57584",,0.0,11.0,,
230314,,,,0.0,"11,275",,0.0,14.0,,
230315,,,,0.0,"7,58851",,0.0,11.0,,
230316,,,,0.0,"7,08917",,0.0,22.0,,
230317,,,,0.0,"2,70375",,0.0,13.0,,
230318,,,,0.0,"5,403",,0.0,21.0,,
230319,,,,0.0,"7,514",,0.0,13.0,,
230320,,,,0.0,"7,38533",,0.0,25.0,,
230321,,,,0.0,"7,89975",,0.0,34.0,,
230322,,,,0.0,"8,39149",,0.0,10.0,,
230323,,,,0.0,"9,87146",,0.0,15.0,,
230324,,,,0.0,"8,88168",,0.0,13.0,,
230325,,,,0.0,"6,36692",,0.0,32.0,,
230326,,,,0.0,"6,11092",,0.0,12.0,,
230327,,,,0.0,"7,697",,0.0,16.0,,
230328,,,,0.0,"5,06867",,0.0,34.0,,
230329,,,,0.0,"1,56142",,0.0,23.0,,
230330,,,,0.0,"3,79058",,0.0,43.0,,
230331,,,,0.0,"2,74742",,0.0,46.0,,
230401,,,,0.0,"4,19725",,0.0,28.0,,
230402,,,,0.0,"6,99792",,0.0,22.0,,
230403,,,,0.0,"7,59593",,0.0,15.0,,
230404,,,,0.0,"11,0492",,0.0,30.0,,
230405,,,,0.0,"10,0758",,0.0,34.0,,
230406,,,,0.0,"7,62092",,0.0,18.0,,
230407,,,,0.0,"6,49383",,0.0,41.0,,
230408,,,,0.0,"3,21183",,0.0,23.0,,
230409,,,,0.0,"7,44984",,0.0,12.0,,
230410,,,,0.0,"5,32783",,0.0,133.0,,
230411,,,,0.0,"1,43508",,0.0,113.0,,
230412,,,,0.0,"4,431",,0.0,96.0,,
230413,,,,0.0,"0,513001",,0.0,160.0,,
230414,,,,0.0,"1,32267",,0.0,71.0,,
230415,,,,0.0,"2,65508",,0.0,47.0,,
230416,,,,0.0,"5,22175",,0.0,30.0,,
230417,,,,0.0,"4,57317",,0.0,22.0,,
230418,,,,0.0,"7,78308",,0.0,15.0,,
230419,,,,0.0,"10,6",,0.0,15.0,,
230420,,,,0.0,"11,1975",,0.0,10.0,,
230421,,,,0.0,"10,0925",,0.0,29.0,,
230422,,,,0.0,"5,43025",,0.0,25.0,,
230423,,,,0.0,"7,80584",,0.0,67.0,,
230424,,,,0.0,"7,88267",,0.0,24.0,,
230425,,,,0.0,"9,6575",,0.0,28.0,,
230426,,,,0.0,"6,04492",,0.0,52.0,,
230427,,,,0.0,"3,21125",,0.0,43.0,,
230428,,,,0.0,"5,94543",,0.0,67.0,,
230429,,,,0.0,"8,36728",,0.0,10.0,,
230430,,,,0.0,"5,59084",,0.0,14.0,,
230501,,,,0.0,"4,39858",,0.0,23.0,,
230502,,,,0.0,"4,28",,0.0,22.0,,
230503,,,,0.0,"5,68526",,0.0,11.0,,
230504,,,,0.0,"9,5825",,0.0,18.0,,
230505,,,,0.0,"10,0892",,0.0,21.0,,
230506,,,,0.0,"10,7392",,0.0,27.0,,
230507,,,,0.0,"6,137",,0.0,21.0,,
230508,,,,0.0,"4,22334",,0.0,19.0,,
230509,,,,0.0,"6,78293",,0.0,42.0,,
230510,,,,0.0,"3,05868",,0.0,82.0,,
230511,,,,0.0,"10,5117",,0.0,18.0,,
230512,,,,0.0,"9,0425",,0.0,34.0,,
230513,,,,0.0,"8,62167",,0.0,36.0,,
230514,,,,0.0,"10,6825",,0.0,114.0,,
230515,,,,0.0,"6,65375",,0.0,37.0,,
230516,,,,0.0,"7,55092",,0.0,18.0,,
230517,,,,0.0,"6,46817",,0.0,14.0,,
230518,,,,0.0,"5,97309",,0.0,36.0,,
230519,,,,0.0,"1,98992",,0.0,43.0,,
230520,,,,0.0,"1,01058",,0.0,103.0,,
230521,,,,0.0,"3,09617",,0.0,80.0,,
230522,,,,0.0,"0,325333",,0.0,132.0,,
230523,,,,0.0,"-0,383833",,0.0,120.0,,
230524,,,,0.0,"2,13842",,0.0,65.0,,
230525,,,,0.0,"0,19275",,0.0,37.0,,
230526,,,,0.0,"0,886917",,0.0,51.0,,
230527,,,,0.0,"0,74625",,0.0,35.0,,
230528,,,,0.0,"1,45183",,0.0,67.0,,
230529,,,,0.0,"0,771502",,0.0,63.0,,
230530,,,,0.0,"4,70476",,0.0,50.0,,
230531,,,,0.0,"9,92751",,0.0,26.0,,
230601,,,,0.0,"7,208",,0.0,69.0,,
230602,,,,0.0,"4,89892",,0.0,58.0,,
230603,,,,0.0,"2,95842",,0.0,54.0,,
230604,,,,0.0,"2,95317",,0.0,59.0,,
230605,,,,0.0,"2,47458",,0.0,69.0,,
230606,,,,0.0,"5,33233",,0.0,25.0,,
230607,,,,0.0,"4,61225",,0.0,44.0,,
230608,,,,0.0,"1,26967",,0.0,44.0,,
230609,,,,0.0,"1,68367",,0.0,77.0,,
230610,,,,0.0,"-0,104583",,0.0,64.0,,
230611,,,,0.0,"2,39808",,0.0,25.0,,
230612,,,,0.0,"2,08742",,0.0,40.0,,
230613,,,,0.0,"0,919168",,0.0,93.0,,
230614,,,,0.0,"4,90684",,0.0,29.0,,
230615,,,,0.0,"4,06192",,0.0,88.0,,
230616,,,,0.0,"-3,03192",,0.0,151.0,,
230617,,,,0.0,"-4,3495",,0.0,85.0,,
230618,,,,0.0,"0,799084",,0.0,114.0,,
230619,,,,0.0,"-3,55017",,0.0,382.0,,
230620,,,,0.0,"-4,59625",,0.0,223.0,,
230621,,,,0.0,"-0,99525",,0.0,181.0,,
230622,,,,0.0,"4,68417",,0.0,69.0,,
230623,,,,0.0,"4,90618",,0.0,83.0,,
230624,,,,0.0,"2,13925",,0.0,150.0,,
230625,,,,0.0,"0,624667",,0.0,116.0,,
230626,,,,0.0,"1,82783",,0.0,71.0,,
230627,,,,0.0,"0,234333",,0.0,185.0,,
230628,,,,0.0,"0,842",,0.0,150.0,,
230629,,,,0.0,"-1,10033",,0.0,117.0,,
230630,,,,0.0,"0,0981667",,0.0,194.0,,
230701,,,,0.0,"0,272083",,0.0,193.0,,
230702,,,,0.0,"4,11125",,0.0,66.0,,
230703,,,,0.0,"3,96442",,0.0,53.0,,
230704,,,,0.0,"1,32467",,0.0,68.0,,
230705,,,,0.0,"1,20567",,0.0,49.0,,
230706,,,,0.0,"1,61783",,0.0,55.0,,
230707,,,,0.0,"0,87",,0.0,94.0,,
230708,,,,0.0,"-2,93775",,0.0,105.0,,
230709,,,,0.0,"-0,359083",,0.0,115.0,,
230710,,,,0.0,"-0,210833",,0.0,75.0,,
230711,,,,0.0,"-0,9475",,0.0,53.0,,
230712,,,,0.0,"-2,39425",,0.0,107.0,,
230713,,,,0.0,"-3,22208",,0.0,191.0,,
230714,,,,0.0,"-0,24",,0.0,124.0,,
230715,,,,0.0,"0,607167",,0.0,43.0,,
230716,,,,0.0,"-0,019",,0.0,94.0,,
230717,,,,0.0,"-6,03117",,0.0,86.0,,
230718,,,,0.0,"-9,22583",,0.0,96.0,,
230719,,,,0.0,"-4,31508",,0.0,172.0,,
230720,,,,0.0,"3,04608",,0.0,135.0,,
230721,,,,0.0,"3,20208",,0.0,81.0,,
230722,,,,0.0,"1,3545",,0.0,66.0,,
230723,,,,0.0,"-0,076",,0.0,72.0,,
230724,,,,0.0,"-1,43367",,0.0,130.0,,
230725,,,,0.0,"-1,38575",,0.0,200.0,,
230726,,,,0.0,"1,45583",,0.0,113.0,,
230727,,,,0.0,"0,557584",,0.0,118.0,,
230728,,,,0.0,"1,68767",,0.0,145.0,,
230729,,,,0.0,"8,44228",,0.0,22.0,,
230730,,,,0.0,"5,41367",,0.0,81.0,,
230731,,,,0.0,"1,0425",,0.0,80.0,,
230801,,,,0.0,"4,62342",,0.0,22.0,,
230802,,,,0.0,"1,15858",,0.0,22.0,,
230803,,,,0.0,"2,87933",,0.0,17.0,,
230804,,,,0.0,"3,56708",,0.0,23.0,,
230805,,,,0.0,"4,35542",,0.0,31.0,,
230806,,,,0.0,"3,45776",,0.0,33.0,,
230807,,,,0.0,"2,18",,0.0,167.0,,
230808,,,,0.0,"0,660918",,0.0,66.0,,
230809,,,,0.0,"5,3925",,0.0,77.0,,
230810,,,,0.0,"5,87175",,0.0,49.0,,
230811,,,,0.0,"1,95517",,0.0,41.0,,
230812,,,,0.0,"1,02517",,0.0,161.0,,
230813,,,,0.0,"-0,523501",,0.0,107.0,,
230814,,,,0.0,"6,52642",,0.0,59.0,,
230815,,,,0.0,"6,12467",,0.0,31.0,,
230816,,,,0.0,"-1,81983",,0.0,70.0,,
230817,,,,0.0,"-1,10217",,0.0,98.0,,
230818,,,,0.0,"0,822583",,0.0,116.0,,
230819,,,,0.0,"-1,4055",,0.0,75.0,,
230820,,,,0.0,"1,49525",,0.0,67.0,,
230821,,,,0.0,"1,36092",,0.0,59.0,,
230822,,,,0.0,"2,68308",,0.0,26.0,,
230823,,,,0.0,"1,38133",,0.0,25.0,,
230824,,,,0.0,"1,588",,0.0,31.0,,
230825,,,,0.0,"2,28258",,0.0,31.0,,
230826,,,,0.0,"2,6695",,0.0,23.0,,
230827,,,,0.0,"4,93117",,0.0,28.0,,
230828,,,,0.0,"5,85168",,0.0,21.0,,
230829,,,,0.0,"4,71792",,0.0,26.0,,
230830,,,,0.0,"1,971",,0.0,22.0,,
230831,,,,0.0,"4,00258",,0.0,50.0,,
230901,,,,0.0,"4,217",,0.0,25.0,,
230902,,,,0.0,"1,05783",,0.0,32.0,,
230903,,,,0.0,"-0,341083",,0.0,64.0,,
230904,,,,0.0,"-0,767334",,0.0,75.0,,
230905,,,,0.0,"-1,463",,0.0,65.0,,
230906,,,,0.0,"4,46317",,0.0,74.0,,
230907,,,,0.0,"1,44875",,0.0,59.0,,
230908,,,,0.0,"4,31525",,0.0,54.0,,
230909,,,,0.0,"3,77567",,0.0,55.0,,
230910,,,,0.0,"3,9005",,0.0,30.0,,
230911,,,,0.0,"3,116",,0.0,23.0,,
230912,,,,0.0,"4,08208",,0.0,26.0,,
230913,,,,0.0,"5,36192",,0.0,26.0,,
230914,,,,0.0,"6,51108",,0.0,16.0,,
230915,,,,0.0,"4,88183",,0.0,32.0,,
230916,,,,0.0,"2,06225",,0.0,31.0,,
230917,,,,0.0,"2,75742",,0.0,32.0,,
230918,,,,0.0,"0,554417",,0.0,53.0,,
230919,,,,0.0,"-1,47708",,0.0,94.0,,
230920,,,,0.0,"-1,47117",,0.0,136.0,,
230921,,,,0.0,"-0,630583",,0.0,73.0,,
230922,,,,0.0,"0,117667",,0.0,60.0,,
230923,,,,0.0,"3,4425",,0.0,41.0,,
230924,,,,0.0,"2,13275",,0.0,53.0,,
230925,,,,0.0,"1,83275",,0.0,33.0,,
230926,,,,0.0,"3,26159",,0.0,10.0,,
230927,,,,0.0,"6,70442",,0.0,24.0,,
230928,,,,0.0,"3,57067",,0.0,35.0,,
230929,,,,0.0,"3,61475",,0.0,32.0,,
230930,,,,0.0,"2,98975",,0.0,33.0,,
231001,,,,0.0,"7,05043",,0.0,16.0,,
231002,,,,0.0,"3,63768",,0.0,17.0,,
231003,,,,0.0,"5,26025",,0.0,17.0,,
231004,,,,0.0,"5,87833",,0.0,12.0,,
231005,,,,0.0,"4,70217",,0.0,15.0,,
231006,,,,0.0,"1,89917",,0.0,14.0,,
231007,,,,0.0,"5,00925",,0.0,8.0,,
231008,,,,0.0,"8,26367",,0.0,14.0,,
231009,,,,0.0,"5,05675",,0.0,14.0,,
231010,,,,0.0,"1,05192",,0.0,37.0,,
231011,,,,0.0,"2,13033",,0.0,,,13.0
231012,,,,0.0,"4,16293",,0.0,,,2.0
231013,,,,0.0,"5,27325",,0.0,,,2.0
231014,,,,0.0,"5,99667",,0.0,,,2.0
231015,,,,0.0,"5,90683",,0.0,,,12.0
231016,,,,0.0,"5,83433",,0.0,17.0,,
231017,,,,0.0,"6,88025",,0.0,24.0,,
231018,,,,0.0,"7,73167",,0.0,20.0,,
231019,,,,0.0,"11,4558",,0.0,7.0,,
231020,,,,0.0,"8,33",,0.0,20.0,,
231021,,,,0.0,"5,35975",,0.0,22.0,,
231022,,,,0.0,"6,48058",,0.0,20.0,,
231023,,,,0.0,"6,40258",,0.0,47.0,,
231024,,,,0.0,"9,54668",,0.0,8.0,,
231025,,,,0.0,"6,85308",,0.0,8.0,,
231026,,,,0.0,"8,52167",,0.0,5.0,,
231027,,,,0.0,"8,39583",,0.0,14.0,,
231028,,,,0.0,"4,11675",,0.0,22.0,,
231029,,,,0.0,"1,02525",,0.0,26.0,,
231030,,,,0.0,"-0,326333",,0.0,48.0,,
231031,,,,0.0,"3,32667",,0.0,32.0,,
231101,,,,0.0,"2,69267",,0.0,43.0,,
231102,,,,0.0,"7,34567",,0.0,10.0,,
231103,,,,0.0,"6,17775",,0.0,9.0,,
231104,,,,0.0,"8,85335",,0.0,19.0,,
231105,,,,0.0,"4,72817",,0.0,28.0,,
231106,,,,0.0,"4,86317",,0.0,32.0,,
231107,,,,0.0,"7,05033",,0.0,11.0,,
231108,,,,0.0,"5,9655",,0.0,10.0,,
231109,,,,0.0,"6,14642",,0.0,13.0,,
231110,,,,0.0,"6,56026",,0.0,15.0,,
231111,,,,0.0,"7,7891",,0.0,14.0,,
231112,,,,0.0,"2,54308",,0.0,10.0,,
231113,,,,0.0,"7,47608",,0.0,18.0,,
231114,,,,0.0,"1,14558",,0.0,13.0,,
231115,,,,0.0,"4,63783",,0.0,14.0,,
231116,,,,0.0,"4,50267",,0.0,11.0,,
231117,,,,0.0,"4,86033",,0.0,13.0,,
231118,,,,0.0,"3,49725",,0.0,20.0,,
231119,,,,0.0,"5,92059",,0.0,21.0,,
231120,,,,0.0,"4,45725",,0.0,15.0,,
231121,,,,0.0,"4,39259",,0.0,13.0,,
231122,,,,0.0,"5,98408",,0.0,11.0,,
231123,,,,0.0,"7,33842",,0.0,10.0,,
231124,,,,0.0,"8,25717",,0.0,11.0,,
231125,,,,0.0,"11,9417",,0.0,7.0,,
231126,,,,0.0,"9,55833",,0.0,12.0,,
231127,,,,0.0,"6,78283",,0.0,14.0,,
231128,,,,0.0,"10,9967",,0.0,7.0,,
231129,,,,0.0,"5,979",,0.0,9.0,,
231130,,,,0.0,"9,67252",,0.0,10.0,,
231201,,,,0.0,"5,52283",,0.0,14.0,,
231202,,,,0.0,"2,24133",,0.0,14.0,,
231203,,,,0.0,"4,3655",,0.0,12.0,,
231204,,,,0.0,"7,67958",,0.0,8.0,,
231205,,,,0.0,"10,4442",,0.0,5.0,,
231206,,,,0.0,"12,4417",,0.0,8.0,,
231207,,,,0.0,"10,84",,0.0,10.0,,
231208,,,,0.0,"13,9",,0.0,8.0,,
231209,,,,0.0,"9,00082",,0.0,7.0,,
231210,,,,0.0,"10,645",,0.0,7.0,,
231211,,,,0.0,"10,1842",,0.0,8.0,,
231212,,,,0.0,"7,49767",,0.0,7.0,,
231213,,,,0.0,"7,19",,0.0,7.0,,
231214,,,,0.0,"8,40335",,0.0,9.0,,
231215,,,,0.0,"8,42918",,0.0,18.0,,
231216,,,,0.0,"4,91009",,0.0,15.0,,
231217,,,,0.0,"5,69092",,0.0,30.0,,
231218,,,,0.0,"6,91842",,0.0,13.0,,
231219,,,,0.0,"8,48842",,0.0,13.0,,
231220,,,,0.0,"12,8233",,0.0,8.0,,
231221,,,,0.0,"14,6333",,0.0,6.0,,
231222,,,,0.0,"13,1108",,0.0,5.0,,
231223,,,,0.0,"10,1558",,0.0,6.0,,
231224,,,,0.0,"11,305",,0.0,9.0,,
231225,,,,0.0,"12,2933",,0.0,4.0,,
231226,,,,0.0,"11,7867",,0.0,7.0,,
231227,,,,0.0,"15,2283",,0.0,5.0,,
231228,,,,0.0,"13,0092",,0.0,5.0,,
231229,,,,0.0,"11,4867",,0.0,8.0,,
231230,,,,0.0,"13,465",,0.0,5.0,,
231231,,,,0.0,"15,2958",,0.0,8.0,,
240101,,,,0.0,"13,7442",,0.0,,7.0,
240102,,,,0.0,"15,4483",,0.0,,7.0,
240103,,,,0.0,"13,5108",,0.0,,5.0,
240104,,,,0.0,"15,5825",,0.0,,7.0,
240105,,,,0.0,"13,9625",,0.0,,6.0,
240106,,,,0.0,"10,2367",,0.0,,8.0,
240107,,,,0.0,"10,6475",,0.0,,7.0,
240108,,,,0.0,"8,3",,0.0,,6.0,
240109,,,,0.0,"8,06459",,0.0,,6.0,
240110,,,,0.0,"7,43626",,0.0,,7.0,
240111,,,,0.0,"9,9725",,0.0,,6.0,
240112,,,,0.0,"11,8525",,0.0,,5.0,
240113,,,,0.0,"11,9917",,0.0,,6.0,
240114,,,,0.0,"10,6367",,0.0,,4.0,
240115,,,,0.0,"12,7117",,0.0,,4.0,
240116,,,,0.0,"11,7267",,0.0,,5.0,
240117,,,,0.0,"13,5025",,0.0,,5.0,
240118,,,,0.0,"10,6292",,0.0,,6.0,
240119,,,,0.0,"11,2192",,0.0,,7.0,
240120,,,,0.0,"11,3667",,0.0,,9.0,
240121,,,,0.0,"11,32",,0.0,,6.0,
240122,,,,0.0,"15,0217",,0.0,,5.0,
240123,,,,0.0,"17,9083",,0.0,,4.0,
240124,,,,0.0,"14,4092",,0.0,,3.0,
240125,,,,0.0,"14,7933",,0.0,,4.0,
240126,,,,0.0,"16,4325",,0.0,,4.0,
240127,,,,0.0,"15,6342",,0.0,,6.0,
240128,,,,0.0,"10,8817",,0.0,,6.0,
240129,,,,0.0,"12,5575",,0.0,,5.0,
240130,,,,0.0,"13,2367",,0.0,,6.0,
240131,,,,0.0,"14,4208",,0.0,,5.0,
240201,,,,0.0,"14,4",,0.0,,3.0,
240202,,,,0.0,"14,9308",,0.0,,7.0,
240203,,,,0.0,"9,25333",,0.0,,5.0,
240204,,,,0.0,"12,2175",,0.0,,3.0,
240205,,,,0.0,"16,9467",,0.0,,3.0,
240206,,,,0.0,"14,225",,0.0,,6.0,
240207,,,,0.0,"6,904",,0.0,,6.0,
240208,,,,0.0,"9,85249",,0.0,,7.0,
240209,,,,0.0,"10,9583",,0.0,,5.0,
240210,,,,0.0,"14,3867",,0.0,,6.0,
240211,,,,0.0,"15,6217",,0.0,,8.0,
240212,,,,0.0,"7,1375",,0.0,,8.0,
240213,,,,0.0,"11,9408",,0.0,,7.0,
240214,,,,0.0,"15,6292",,0.0,,8.0,
240215,,,,0.0,"13,8242",,0.0,,7.0,
240216,,,,0.0,"15,85",,0.0,,9.0,
240217,,,,0.0,"11,255",,0.0,,6.0,
240218,,,,0.0,"11,545",,0.0,,5.0,
240219,,,,0.0,"12,4908",,0.0,,7.0,
240220,,,,0.0,"14,9817",,0.0,,6.0,
240221,,,,0.0,"13,3133",,0.0,,6.0,
240222,,,,0.0,"10,2008",,0.0,,10.0,
240223,,,,0.0,"7,35633",,0.0,,16.0,
240224,,,,0.0,"8,48917",,0.0,,15.0,
240225,,,,0.0,"13,1092",,0.0,,7.0,
240226,,,,0.0,"13,9833",,0.0,,5.0,
240227,,,,0.0,"12,0092",,0.0,,8.0,
240228,,,,0.0,"10,8725",,0.0,,8.0,
240229,,,,0.0,"11,0108",,0.0,,11.0,
240301,,,,0.0,"11,4408",,0.0,,8.0,
240302,,,,0.0,"6,30258",,0.0,,13.0,
240303,,,,0.0,"6,80408",,0.0,,12.0,
240304,,,,0.0,"8,43918",,0.0,,31.0,
240305,,,,0.0,"9,23833",,0.0,,24.0,
240306,,,,0.0,"6,82667",,0.0,,11.0,
240307,,,,0.0,"8,71918",,0.0,,20.0,
240308,,,,0.0,"10,0192",,0.0,,20.0,
240309,,,,0.0,"3,20443",,0.0,,14.0,
240310,,,,0.0,"8,32642",,0.0,,10.0,
240311,,,,0.0,"8,89751",,0.0,,26.0,
240312,,,,0.0,"10,0175",,0.0,,11.0,
240313,,,,0.0,"8,071",,0.0,,21.0,
240314,,,,0.0,"5,25217",,0.0,,12.0,
240315,,,,0.0,"10,2017",,0.0,,16.0,
240316,,,,0.0,"5,22217",,0.0,,11.0,
240317,,,,0.0,"6,78125",,0.0,,,4.0
240318,,,,0.0,"7,83767",,0.0,,,2.0
240319,,,,0.0,"8,22836",,0.0,,,2.0
240320,,,,0.0,"4,13125",,0.0,,,8.0
240321,,,,0.0,"5,75833",,0.0,,25.0,
240322,,,,0.0,"4,484",,0.0,,,57.0
240323,,,,0.0,"6,864",,0.0,,,46.0
240324,,,,0.0,"11,8792",,0.0,,24.0,
240325,,,,0.0,"9,20085",,0.0,,23.0,
240326,,,,0.0,"12,9617",,0.0,,9.0,
240327,,,,0.0,"10,4325",,0.0,,16.0,
240328,,,,0.0,"10,73",,0.0,,24.0,
240329,,,,0.0,"9,74335",,0.0,,12.0,
240330,,,,0.0,"5,67934",,0.0,,19.0,
240331,,,,0.0,"3,98633",,0.0,,21.0,
240401,,,,0.0,"5,41908",,0.0,,17.0,
240402,,,,0.0,"6,43059",,0.0,,32.0,
240403,,,,0.0,"3,32608",,0.0,,18.0,
240404,,,,0.0,"10,1708",,0.0,,10.0,
240405,,,,0.0,"8,43832",,0.0,,10.0,
240406,,,,0.0,"11,2883",,0.0,,9.0,
240407,,,,0.0,"6,315",,0.0,,14.0,
240408,,,,0.0,"6,73401",,0.0,,25.0,
240409,,,,0.0,"2,50425",,0.0,,35.0,
240410,,,,0.0,"0,3005",,0.0,,98.0,
240411,,,,0.0,"2,15583",,0.0,,175.0,
240412,,,,0.0,"3,26208",,0.0,,121.0,
240413,,,,0.0,"3,222",,0.0,,149.0,
240414,,,,0.0,"3,98875",,0.0,,77.0,
240415,,,,0.0,"6,46625",,0.0,,39.0,
240416,,,,0.0,"10,6467",,0.0,,14.0,
240417,,,,0.0,"8,99333",,0.0,,20.0,
240418,,,,0.0,"7,60958",,0.0,,38.0,
240419,,,,0.0,"4,13517",,0.0,,16.0,
240420,,,,0.0,"5,11617",,0.0,,28.0,
240421,,,,0.0,"2,29742",,0.0,,100.0,
240422,,,,0.0,"-0,874418",,0.0,,104.0,
240423,,,,0.0,"5,12067",,0.0,,71.0,
240424,,,,0.0,"2,48775",,0.0,,70.0,
240425,,,,0.0,"3,95925",,0.0,,39.0,
240426,,,,0.0,"0,579167",,0.0,,26.0,
240427,,,,0.0,"2,211",,0.0,,18.0,
240428,,,,0.0,"5,44933",,0.0,,25.0,
240429,,,,0.0,"6,06918",,0.0,,32.0,
240430,,,,0.0,"4,33108",,0.0,,32.0,
240501,,,,0.0,"2,2035",,0.0,,63.0,
240502,,,,0.0,"2,21358",,0.0,,53.0,
240503,,,,0.0,"4,03433",,0.0,,48.0,
240504,,,,0.0,"2,80458",,0.0,,36.0,
240505,,,,0.0,"0,93925",,0.0,,31.0,
240506,,,,0.0,"-0,473167",,0.0,,82.0,
240507,,,,0.0,"-0,559334",,0.0,,85.0,
240508,,,,0.0,"1,47333",,0.0,,50.0,
240509,,,,0.0,"1,80383",,0.0,,74.0,
240510,,,,0.0,"1,86533",,0.0,,77.0,
240511,,,,0.0,"2,18375",,,,,
240512,,,,0.0,"0,667834",,,,,
170901,,,,,,,0.0,,,
170902,,,,,,,0.0,,,
170903,,,,,,,0.0,,,
170904,,,,,,,0.0,,,
170905,,,,,,,0.0,,,
170906,,,,,,,0.0,,,
170907,,,,,,,0.0,,,
170908,,,,,,,0.0,,,
170909,,,,,,,0.0,50.0,,
170910,,,,,,,0.0,34.0,,
170911,,,,,,,0.0,30.0,,
170912,,,,,,,0.0,19.0,,
170913,,,,,,,0.0,40.0,,
170914,,,,,,,0.0,26.0,,
170915,,,,,,,0.0,16.0,,
170916,,,,,,,0.0,16.0,,
170917,,,,,,,0.0,27.0,,
170918,,,,,,,0.0,36.0,,
170919,,,,,,,0.0,21.0,,
170920,,,,,,,0.0,16.0,,
170921,,,,,,,0.0,17.0,,
170922,,,,,,,0.0,28.0,,
170923,,,,,,,0.0,23.0,,
170924,,,,,,,0.0,28.0,,
170925,,,,,,,0.0,40.0,,
170926,,,,,,,0.0,47.0,,
170927,,,,,,,0.0,40.0,,
170928,,,,,,,0.0,67.0,,
170929,,,,,,,0.0,60.0,,
170930,,,,,,,0.0,27.0,,
