FECHA (YYMMDD),HORA (HHMM),Registros validados,Registros preliminares,Registros no validados,Unnamed: 5
170901,0,,,,
170902,0,,,,
170903,0,,,,
170904,0,,,,
170905,0,,,,
170906,0,,,,
170907,0,,,,
170908,0,,,,
170909,0,50.0,,,
170910,0,34.0,,,
170911,0,30.0,,,
170912,0,19.0,,,
170913,0,40.0,,,
170914,0,26.0,,,
170915,0,16.0,,,
170916,0,16.0,,,
170917,0,27.0,,,
170918,0,36.0,,,
170919,0,21.0,,,
170920,0,16.0,,,
170921,0,17.0,,,
170922,0,28.0,,,
170923,0,23.0,,,
170924,0,28.0,,,
170925,0,40.0,,,
170926,0,47.0,,,
170927,0,40.0,,,
170928,0,67.0,,,
170929,0,60.0,,,
170930,0,27.0,,,
171001,0,14.0,,,
171002,0,31.0,,,
171003,0,52.0,,,
171004,0,30.0,,,
171005,0,29.0,,,
171006,0,15.0,,,
171007,0,20.0,,,
171008,0,46.0,,,
171009,0,25.0,,,
171010,0,59.0,,,
171011,0,42.0,,,
171012,0,27.0,,,
171013,0,15.0,,,
171014,0,11.0,,,
171015,0,15.0,,,
171016,0,17.0,,,
171017,0,24.0,,,
171018,0,23.0,,,
171019,0,20.0,,,
171020,0,34.0,,,
171021,0,22.0,,,
171022,0,28.0,,,
171023,0,26.0,,,
171024,0,22.0,,,
171025,0,16.0,,,
171026,0,16.0,,,
171027,0,19.0,,,
171028,0,17.0,,,
171029,0,23.0,,,
171030,0,17.0,,,
171031,0,48.0,,,
171101,0,18.0,,,
171102,0,19.0,,,
171103,0,28.0,,,
171104,0,23.0,,,
171105,0,27.0,,,
171106,0,18.0,,,
171107,0,23.0,,,
171108,0,29.0,,,
171109,0,18.0,,,
171110,0,20.0,,,
171111,0,22.0,,,
171112,0,15.0,,,
171113,0,15.0,,,
171114,0,14.0,,,
171115,0,12.0,,,
171116,0,12.0,,,
171117,0,14.0,,,
171118,0,15.0,,,
171119,0,17.0,,,
171120,0,16.0,,,
171121,0,20.0,,,
171122,0,13.0,,,
171123,0,15.0,,,
171124,0,12.0,,,
171125,0,11.0,,,
171126,0,19.0,,,
171127,0,13.0,,,
171128,0,8.0,,,
171129,0,12.0,,,
171130,0,18.0,,,
171201,0,15.0,,,
171202,0,13.0,,,
171203,0,9.0,,,
171204,0,8.0,,,
171205,0,6.0,,,
171206,0,7.0,,,
171207,0,10.0,,,
171208,0,9.0,,,
171209,0,9.0,,,
171210,0,7.0,,,
171211,0,7.0,,,
171212,0,5.0,,,
171213,0,8.0,,,
171214,0,10.0,,,
171215,0,15.0,,,
171216,0,13.0,,,
171217,0,10.0,,,
171218,0,11.0,,,
171219,0,11.0,,,
171220,0,13.0,,,
171221,0,24.0,,,
171222,0,18.0,,,
171223,0,12.0,,,
171224,0,10.0,,,
171225,0,,,,
171226,0,8.0,,,
171227,0,15.0,,,
171228,0,9.0,,,
171229,0,11.0,,,
171230,0,11.0,,,
171231,0,13.0,,,
180101,0,12.0,,,
180102,0,9.0,,,
180103,0,12.0,,,
180104,0,14.0,,,
180105,0,10.0,,,
180106,0,10.0,,,
180107,0,7.0,,,
180108,0,6.0,,,
180109,0,6.0,,,
180110,0,7.0,,,
180111,0,5.0,,,
180112,0,9.0,,,
180113,0,10.0,,,
180114,0,7.0,,,
180115,0,9.0,,,
180116,0,7.0,,,
180117,0,8.0,,,
180118,0,7.0,,,
180119,0,,,6.0,
180120,0,,,3.0,
180121,0,,,2.0,
180122,0,,,3.0,
180123,0,10.0,,,
180124,0,9.0,,,
180125,0,7.0,,,
180126,0,6.0,,,
180127,0,6.0,,,
180128,0,6.0,,,
180129,0,5.0,,,
180130,0,9.0,,,
180131,0,7.0,,,
180201,0,5.0,,,
180202,0,4.0,,,
180203,0,7.0,,,
180204,0,4.0,,,
180205,0,5.0,,,
180206,0,8.0,,,
180207,0,8.0,,,
180208,0,14.0,,,
180209,0,16.0,,,
180210,0,16.0,,,
180211,0,16.0,,,
180212,0,5.0,,,
180213,0,4.0,,,
180214,0,8.0,,,
180215,0,4.0,,,
180216,0,5.0,,,
180217,0,6.0,,,
180218,0,7.0,,,
180219,0,11.0,,,
180220,0,10.0,,,
180221,0,13.0,,,
180222,0,8.0,,,
180223,0,11.0,,,
180224,0,7.0,,,
180225,0,4.0,,,
180226,0,6.0,,,
180227,0,8.0,,,
180228,0,4.0,,,
180301,0,5.0,,,
180302,0,6.0,,,
180303,0,16.0,,,
180304,0,19.0,,,
180305,0,7.0,,,
180306,0,7.0,,,
180307,0,12.0,,,
180308,0,10.0,,,
180309,0,17.0,,,
180310,0,13.0,,,
180311,0,13.0,,,
180312,0,16.0,,,
180313,0,19.0,,,
180314,0,21.0,,,
180315,0,20.0,,,
180316,0,32.0,,,
180317,0,28.0,,,
180318,0,11.0,,,
180319,0,30.0,,,
180320,0,95.0,,,
180321,0,71.0,,,
180322,0,20.0,,,
180323,0,34.0,,,
180324,0,34.0,,,
180325,0,16.0,,,
180326,0,22.0,,,
180327,0,25.0,,,
180328,0,20.0,,,
180329,0,20.0,,,
180330,0,12.0,,,
180331,0,18.0,,,
180401,0,13.0,,,
180402,0,17.0,,,
180403,0,35.0,,,
180404,0,28.0,,,
180405,0,26.0,,,
180406,0,39.0,,,
180407,0,41.0,,,
180408,0,54.0,,,
180409,0,59.0,,,
180410,0,30.0,,,
180411,0,35.0,,,
180412,0,41.0,,,
180413,0,67.0,,,
180414,0,30.0,,,
180415,0,30.0,,,
180416,0,28.0,,,
180417,0,15.0,,,
180418,0,18.0,,,
180419,0,33.0,,,
180420,0,29.0,,,
180421,0,31.0,,,
180422,0,27.0,,,
180423,0,25.0,,,
180424,0,38.0,,,
180425,0,86.0,,,
180426,0,39.0,,,
180427,0,45.0,,,
180428,0,43.0,,,
180429,0,49.0,,,
180430,0,122.0,,,
180501,0,62.0,,,
180502,0,77.0,,,
180503,0,27.0,,,
180504,0,76.0,,,
180505,0,139.0,,,
180506,0,217.0,,,
180507,0,151.0,,,
180508,0,26.0,,,
180509,0,26.0,,,
180510,0,,,,
180511,0,52.0,,,
180512,0,109.0,,,
180513,0,95.0,,,
180514,0,61.0,,,
180515,0,105.0,,,
180516,0,69.0,,,
180517,0,97.0,,,
180518,0,120.0,,,
180519,0,56.0,,,
180520,0,36.0,,,
180521,0,19.0,,,
180522,0,32.0,,,
180523,0,36.0,,,
180524,0,38.0,,,
180525,0,78.0,,,
180526,0,27.0,,,
180527,0,110.0,,,
180528,0,48.0,,,
180529,0,57.0,,,
180530,0,47.0,,,
180531,0,36.0,,,
180601,0,211.0,,,
180602,0,405.0,,,
180603,0,321.0,,,
180604,0,169.0,,,
180605,0,127.0,,,
180606,0,93.0,,,
180607,0,137.0,,,
180608,0,67.0,,,
180609,0,172.0,,,
180610,0,306.0,,,
180611,0,210.0,,,
180612,0,350.0,,,
180613,0,261.0,,,
180614,0,239.0,,,
180615,0,90.0,,,
180616,0,76.0,,,
180617,0,107.0,,,
180618,0,85.0,,,
180619,0,38.0,,,
180620,0,52.0,,,
180621,0,39.0,,,
180622,0,68.0,,,
180623,0,84.0,,,
180624,0,36.0,,,
180625,0,63.0,,,
180626,0,57.0,,,
180627,0,66.0,,,
180628,0,59.0,,,
180629,0,53.0,,,
180630,0,100.0,,,
180701,0,91.0,,,
180702,0,207.0,,,
180703,0,370.0,,,
180704,0,224.0,,,
180705,0,126.0,,,
180706,0,205.0,,,
180707,0,286.0,,,
180708,0,264.0,,,
180709,0,373.0,,,
180710,0,119.0,,,
180711,0,83.0,,,
180712,0,60.0,,,
180713,0,78.0,,,
180714,0,78.0,,,
180715,0,96.0,,,
180716,0,58.0,,,
180717,0,110.0,,,
180718,0,45.0,,,
180719,0,53.0,,,
180720,0,89.0,,,
180721,0,65.0,,,
180722,0,53.0,,,
180723,0,37.0,,,
180724,0,94.0,,,
180725,0,111.0,,,
180726,0,370.0,,,
180727,0,116.0,,,
180728,0,37.0,,,
180729,0,29.0,,,
180730,0,41.0,,,
180731,0,23.0,,,
180801,0,84.0,,,
180802,0,206.0,,,
180803,0,34.0,,,
180804,0,51.0,,,
180805,0,38.0,,,
180806,0,90.0,,,
180807,0,76.0,,,
180808,0,147.0,,,
180809,0,132.0,,,
180810,0,133.0,,,
180811,0,217.0,,,
180812,0,177.0,,,
180813,0,83.0,,,
180814,0,29.0,,,
180815,0,26.0,,,
180816,0,31.0,,,
180817,0,48.0,,,
180818,0,51.0,,,
180819,0,43.0,,,
180820,0,107.0,,,
180821,0,93.0,,,
180822,0,99.0,,,
180823,0,32.0,,,
180824,0,48.0,,,
180825,0,46.0,,,
180826,0,26.0,,,
180827,0,25.0,,,
180828,0,55.0,,,
180829,0,60.0,,,
180830,0,134.0,,,
180831,0,218.0,,,
180901,0,75.0,,,
180902,0,30.0,,,
180903,0,70.0,,,
180904,0,,,,
180905,0,91.0,,,
180906,0,26.0,,,
180907,0,27.0,,,
180908,0,30.0,,,
180909,0,60.0,,,
180910,0,55.0,,,
180911,0,24.0,,,
180912,0,18.0,,,
180913,0,15.0,,,
180914,0,19.0,,,
180915,0,26.0,,,
180916,0,37.0,,,
180917,0,27.0,,,
180918,0,31.0,,,
180919,0,33.0,,,
180920,0,43.0,,,
180921,0,30.0,,,
180922,0,35.0,,,
180923,0,26.0,,,
180924,0,55.0,,,
180925,0,55.0,,,
180926,0,35.0,,,
180927,0,57.0,,,
180928,0,35.0,,,
180929,0,43.0,,,
180930,0,33.0,,,
181001,0,25.0,,,
181002,0,21.0,,,
181003,0,37.0,,,
181004,0,23.0,,,
181005,0,60.0,,,
181006,0,25.0,,,
181007,0,29.0,,,
181008,0,27.0,,,
181009,0,28.0,,,
181010,0,26.0,,,
181011,0,23.0,,,
181012,0,17.0,,,
181013,0,11.0,,,
181014,0,13.0,,,
181015,0,20.0,,,
181016,0,86.0,,,
181017,0,53.0,,,
181018,0,19.0,,,
181019,0,21.0,,,
181020,0,40.0,,,
181021,0,22.0,,,
181022,0,40.0,,,
181023,0,83.0,,,
181024,0,47.0,,,
181025,0,21.0,,,
181026,0,18.0,,,
181027,0,17.0,,,
181028,0,14.0,,,
181029,0,9.0,,,
181030,0,25.0,,,
181031,0,42.0,,,
181101,0,28.0,,,
181102,0,20.0,,,
181103,0,15.0,,,
181104,0,15.0,,,
181105,0,31.0,,,
181106,0,30.0,,,
181107,0,22.0,,,
181108,0,18.0,,,
181109,0,32.0,,,
181110,0,29.0,,,
181111,0,16.0,,,
181112,0,10.0,,,
181113,0,9.0,,,
181114,0,12.0,,,
181115,0,12.0,,,
181116,0,11.0,,,
181117,0,9.0,,,
181118,0,,,,
181119,0,,,,
181120,0,22.0,,,
181121,0,32.0,,,
181122,0,13.0,,,
181123,0,10.0,,,
181124,0,11.0,,,
181125,0,17.0,,,
181126,0,13.0,,,
181127,0,9.0,,,
181128,0,7.0,,,
181129,0,8.0,,,
181130,0,11.0,,,
181201,0,13.0,,,
181202,0,8.0,,,
181203,0,9.0,,,
181204,0,7.0,,,
181205,0,14.0,,,
181206,0,7.0,,,
181207,0,6.0,,,
181208,0,5.0,,,
181209,0,4.0,,,
181210,0,7.0,,,
181211,0,7.0,,,
181212,0,7.0,,,
181213,0,10.0,,,
181214,0,9.0,,,
181215,0,6.0,,,
181216,0,8.0,,,
181217,0,11.0,,,
181218,0,7.0,,,
181219,0,6.0,,,
181220,0,5.0,,,
181221,0,6.0,,,
181222,0,8.0,,,
181223,0,7.0,,,
181224,0,9.0,,,
181225,0,9.0,,,
181226,0,7.0,,,
181227,0,5.0,,,
181228,0,6.0,,,
181229,0,10.0,,,
181230,0,6.0,,,
181231,0,13.0,,,
190101,0,16.0,,,
190102,0,11.0,,,
190103,0,5.0,,,
190104,0,6.0,,,
190105,0,7.0,,,
190106,0,8.0,,,
190107,0,16.0,,,
190108,0,14.0,,,
190109,0,15.0,,,
190110,0,13.0,,,
190111,0,12.0,,,
190112,0,15.0,,,
190113,0,12.0,,,
190114,0,5.0,,,
190115,0,11.0,,,
190116,0,15.0,,,
190117,0,8.0,,,
190118,0,5.0,,,
190119,0,5.0,,,
190120,0,5.0,,,
190121,0,13.0,,,
190122,0,,,5.0,
190123,0,,,2.0,
190124,0,,,3.0,
190125,0,,,10.0,
190126,0,12.0,,,
190127,0,6.0,,,
190128,0,3.0,,,
190129,0,9.0,,,
190130,0,9.0,,,
190131,0,8.0,,,
190201,0,9.0,,,
190202,0,15.0,,,
190203,0,15.0,,,
190204,0,15.0,,,
190205,0,11.0,,,
190206,0,13.0,,,
190207,0,12.0,,,
190208,0,11.0,,,
190209,0,9.0,,,
190210,0,14.0,,,
190211,0,14.0,,,
190212,0,14.0,,,
190213,0,11.0,,,
190214,0,8.0,,,
190215,0,8.0,,,
190216,0,11.0,,,
190217,0,9.0,,,
190218,0,10.0,,,
190219,0,11.0,,,
190220,0,15.0,,,
190221,0,19.0,,,
190222,0,25.0,,,
190223,0,11.0,,,
190224,0,24.0,,,
190225,0,30.0,,,
190226,0,20.0,,,
190227,0,18.0,,,
190228,0,25.0,,,
190301,0,17.0,,,
190302,0,,,,
190303,0,18.0,,,
190304,0,16.0,,,
190305,0,21.0,,,
190306,0,23.0,,,
190307,0,25.0,,,
190308,0,16.0,,,
190309,0,17.0,,,
190310,0,20.0,,,
190311,0,11.0,,,
190312,0,20.0,,,
190313,0,26.0,,,
190314,0,23.0,,,
190315,0,27.0,,,
190316,0,17.0,,,
190317,0,12.0,,,
190318,0,22.0,,,
190319,0,44.0,,,
190320,0,23.0,,,
190321,0,25.0,,,
190322,0,16.0,,,
190323,0,15.0,,,
190324,0,16.0,,,
190325,0,46.0,,,
190326,0,58.0,,,
190327,0,38.0,,,
190328,0,27.0,,,
190329,0,17.0,,,
190330,0,28.0,,,
190331,0,13.0,,,
190401,0,17.0,,,
190402,0,11.0,,,
190403,0,15.0,,,
190404,0,14.0,,,
190405,0,14.0,,,
190406,0,17.0,,,
190407,0,24.0,,,
190408,0,17.0,,,
190409,0,26.0,,,
190410,0,18.0,,,
190411,0,13.0,,,
190412,0,26.0,,,
190413,0,26.0,,,
190414,0,20.0,,,
190415,0,16.0,,,
190416,0,44.0,,,
190417,0,26.0,,,
190418,0,27.0,,,
190419,0,31.0,,,
190420,0,17.0,,,
190421,0,49.0,,,
190422,0,47.0,,,
190423,0,90.0,,,
190424,0,191.0,,,
190425,0,204.0,,,
190426,0,72.0,,,
190427,0,64.0,,,
190428,0,29.0,,,
190429,0,25.0,,,
190430,0,29.0,,,
190501,0,54.0,,,
190502,0,46.0,,,
190503,0,101.0,,,
190504,0,63.0,,,
190505,0,24.0,,,
190506,0,44.0,,,
190507,0,65.0,,,
190508,0,132.0,,,
190509,0,51.0,,,
190510,0,30.0,,,
190511,0,15.0,,,
190512,0,23.0,,,
190513,0,57.0,,,
190514,0,81.0,,,
190515,0,,,55.0,
190516,0,,,,
190517,0,,15.0,,
190518,0,,9.0,,
190519,0,,12.0,,
190520,0,,11.0,,
190521,0,,7.0,,
190522,0,,8.0,,
190523,0,,,7.0,
190524,0,,,,
190525,0,38.0,,,
190526,0,54.0,,,
190527,0,96.0,,,
190528,0,140.0,,,
190529,0,135.0,,,
190530,0,98.0,,,
190531,0,126.0,,,
190601,0,159.0,,,
190602,0,102.0,,,
190603,0,151.0,,,
190604,0,113.0,,,
190605,0,87.0,,,
190606,0,38.0,,,
190607,0,26.0,,,
190608,0,63.0,,,
190609,0,48.0,,,
190610,0,56.0,,,
190611,0,61.0,,,
190612,0,123.0,,,
190613,0,71.0,,,
190614,0,82.0,,,
190615,0,82.0,,,
190616,0,80.0,,,
190617,0,109.0,,,
190618,0,88.0,,,
190619,0,72.0,,,
190620,0,164.0,,,
190621,0,83.0,,,
190622,0,47.0,,,
190623,0,53.0,,,
190624,0,43.0,,,
190625,0,42.0,,,
190626,0,54.0,,,
190627,0,132.0,,,
190628,0,138.0,,,
190629,0,91.0,,,
190630,0,75.0,,,
190701,0,55.0,,,
190702,0,81.0,,,
190703,0,111.0,,,
190704,0,182.0,,,
190705,0,33.0,,,
190706,0,138.0,,,
190707,0,259.0,,,
190708,0,164.0,,,
190709,0,216.0,,,
190710,0,142.0,,,
190711,0,199.0,,,
190712,0,214.0,,,
190713,0,175.0,,,
190714,0,95.0,,,
190715,0,53.0,,,
190716,0,106.0,,,
190717,0,108.0,,,
190718,0,54.0,,,
190719,0,49.0,,,
190720,0,79.0,,,
190721,0,64.0,,,
190722,0,44.0,,,
190723,0,47.0,,,
190724,0,43.0,,,
190725,0,85.0,,,
190726,0,35.0,,,
190727,0,70.0,,,
190728,0,126.0,,,
190729,0,156.0,,,
190730,0,66.0,,,
190731,0,69.0,,,
190801,0,45.0,,,
190802,0,31.0,,,
190803,0,24.0,,,
190804,0,38.0,,,
190805,0,82.0,,,
190806,0,27.0,,,
190807,0,62.0,,,
190808,0,62.0,,,
190809,0,24.0,,,
190810,0,80.0,,,
190811,0,44.0,,,
190812,0,51.0,,,
190813,0,118.0,,,
190814,0,102.0,,,
190815,0,78.0,,,
190816,0,78.0,,,
190817,0,51.0,,,
190818,0,118.0,,,
190819,0,158.0,,,
190820,0,29.0,,,
190821,0,45.0,,,
190822,0,94.0,,,
190823,0,92.0,,,
190824,0,66.0,,,
190825,0,74.0,,,
190826,0,34.0,,,
190827,0,77.0,,,
190828,0,44.0,,,
190829,0,30.0,,,
190830,0,28.0,,,
190831,0,61.0,,,
190901,0,46.0,,,
190902,0,75.0,,,
190903,0,39.0,,,
190904,0,46.0,,,
190905,0,60.0,,,
190906,0,128.0,,,
190907,0,76.0,,,
190908,0,36.0,,,
190909,0,103.0,,,
190910,0,99.0,,,
190911,0,29.0,,,
190912,0,35.0,,,
190913,0,53.0,,,
190914,0,26.0,,,
190915,0,30.0,,,
190916,0,15.0,,,
190917,0,14.0,,,
190918,0,27.0,,,
190919,0,17.0,,,
190920,0,19.0,,,
190921,0,23.0,,,
190922,0,22.0,,,
190923,0,14.0,,,
190924,0,14.0,,,
190925,0,23.0,,,
190926,0,79.0,,,
190927,0,56.0,,,
190928,0,23.0,,,
190929,0,21.0,,,
190930,0,27.0,,,
191001,0,36.0,,,
191002,0,50.0,,,
191003,0,32.0,,,
191004,0,18.0,,,
191005,0,23.0,,,
191006,0,27.0,,,
191007,0,16.0,,,
191008,0,15.0,,,
191009,0,15.0,,,
191010,0,38.0,,,
191011,0,26.0,,,
191012,0,17.0,,,
191013,0,20.0,,,
191014,0,33.0,,,
191015,0,24.0,,,
191016,0,27.0,,,
191017,0,13.0,,,
191018,0,16.0,,,
191019,0,14.0,,,
191020,0,18.0,,,
191021,0,26.0,,,
191022,0,24.0,,,
191023,0,30.0,,,
191024,0,20.0,,,
191025,0,17.0,,,
191026,0,13.0,,,
191027,0,28.0,,,
191028,0,46.0,,,
191029,0,19.0,,,
191030,0,20.0,,,
191031,0,23.0,,,
191101,0,15.0,,,
191102,0,8.0,,,
191103,0,13.0,,,
191104,0,15.0,,,
191105,0,10.0,,,
191106,0,14.0,,,
191107,0,15.0,,,
191108,0,19.0,,,
191109,0,12.0,,,
191110,0,11.0,,,
191111,0,13.0,,,
191112,0,7.0,,,
191113,0,8.0,,,
191114,0,11.0,,,
191115,0,11.0,,,
191116,0,14.0,,,
191117,0,16.0,,,
191118,0,11.0,,,
191119,0,16.0,,,
191120,0,17.0,,,
191121,0,15.0,,,
191122,0,23.0,,,
191123,0,24.0,,,
191124,0,9.0,,,
191125,0,16.0,,,
191126,0,15.0,,,
191127,0,13.0,,,
191128,0,14.0,,,
191129,0,13.0,,,
191130,0,17.0,,,
191201,0,15.0,,,
191202,0,13.0,,,
191203,0,14.0,,,
191204,0,10.0,,,
191205,0,12.0,,,
191206,0,16.0,,,
191207,0,9.0,,,
191208,0,6.0,,,
191209,0,7.0,,,
191210,0,14.0,,,
191211,0,13.0,,,
191212,0,12.0,,,
191213,0,10.0,,,
191214,0,10.0,,,
191215,0,9.0,,,
191216,0,11.0,,,
191217,0,12.0,,,
191218,0,14.0,,,
191219,0,13.0,,,
191220,0,12.0,,,
191221,0,9.0,,,
191222,0,16.0,,,
191223,0,13.0,,,
191224,0,15.0,,,
191225,0,9.0,,,
191226,0,15.0,,,
191227,0,8.0,,,
191228,0,15.0,,,
191229,0,13.0,,,
191230,0,9.0,,,
191231,0,21.0,,,
200101,0,14.0,,,
200102,0,6.0,,,
200103,0,5.0,,,
200104,0,7.0,,,
200105,0,8.0,,,
200106,0,10.0,,,
200107,0,14.0,,,
200108,0,16.0,,,
200109,0,14.0,,,
200110,0,10.0,,,
200111,0,8.0,,,
200112,0,5.0,,,
200113,0,7.0,,,
200114,0,11.0,,,
200115,0,9.0,,,
200116,0,9.0,,,
200117,0,6.0,,,
200118,0,7.0,,,
200119,0,5.0,,,
200120,0,5.0,,,
200121,0,,,4.0,
200122,0,,,,
200123,0,,,,
200124,0,,,7.0,
200125,0,5.0,,,
200126,0,6.0,,,
200127,0,7.0,,,
200128,0,10.0,,,
200129,0,10.0,,,
200130,0,5.0,,,
200131,0,5.0,,,
200201,0,10.0,,,
200202,0,10.0,,,
200203,0,13.0,,,
200204,0,15.0,,,
200205,0,23.0,,,
200206,0,28.0,,,
200207,0,27.0,,,
200208,0,22.0,,,
200209,0,13.0,,,
200210,0,7.0,,,
200211,0,6.0,,,
200212,0,7.0,,,
200213,0,9.0,,,
200214,0,9.0,,,
200215,0,11.0,,,
200216,0,9.0,,,
200217,0,11.0,,,
200218,0,12.0,,,
200219,0,12.0,,,
200220,0,16.0,,,
200221,0,26.0,,,
200222,0,17.0,,,
200223,0,5.0,,,
200224,0,8.0,,,
200225,0,9.0,,,
200226,0,10.0,,,
200227,0,7.0,,,
200228,0,10.0,,,
200229,0,7.0,,,
200301,0,4.0,,,
200302,0,5.0,,,
200303,0,13.0,,,
200304,0,9.0,,,
200305,0,12.0,,,
200306,0,11.0,,,
200307,0,9.0,,,
200308,0,9.0,,,
200309,0,21.0,,,
200310,0,,,,
200311,0,10.0,,,
200312,0,32.0,,,
200313,0,16.0,,,
200314,0,12.0,,,
200315,0,12.0,,,
200316,0,11.0,,,
200317,0,18.0,,,
200318,0,9.0,,,
200319,0,12.0,,,
200320,0,10.0,,,
200321,0,16.0,,,
200322,0,18.0,,,
200323,0,14.0,,,
200324,0,19.0,,,
200325,0,23.0,,,
200326,0,13.0,,,
200327,0,14.0,,,
200328,0,27.0,,,
200329,0,36.0,,,
200330,0,50.0,,,
200331,0,28.0,,,
200401,0,27.0,,,
200402,0,31.0,,,
200403,0,17.0,,,
200404,0,12.0,,,
200405,0,31.0,,,
200406,0,38.0,,,
200407,0,47.0,,,
200408,0,78.0,,,
200409,0,31.0,,,
200410,0,23.0,,,
200411,0,17.0,,,
200412,0,25.0,,,
200413,0,41.0,,,
200414,0,40.0,,,
200415,0,53.0,,,
200416,0,36.0,,,
200417,0,31.0,,,
200418,0,44.0,,,
200419,0,26.0,,,
200420,0,40.0,,,
200421,0,58.0,,,
200422,0,149.0,,,
200423,0,92.0,,,
200424,0,61.0,,,
200425,0,46.0,,,
200426,0,83.0,,,
200427,0,86.0,,,
200428,0,74.0,,,
200429,0,43.0,,,
200430,0,62.0,,,
200501,0,105.0,,,
200502,0,97.0,,,
200503,0,87.0,,,
200504,0,94.0,,,
200505,0,81.0,,,
200506,0,44.0,,,
200507,0,40.0,,,
200508,0,75.0,,,
200509,0,38.0,,,
200510,0,45.0,,,
200511,0,21.0,,,
200512,0,88.0,,,
200513,0,60.0,,,
200514,0,62.0,,,
200515,0,35.0,,,
200516,0,34.0,,,
200517,0,58.0,,,
200518,0,32.0,,,
200519,0,136.0,,,
200520,0,119.0,,,
200521,0,125.0,,,
200522,0,68.0,,,
200523,0,58.0,,,
200524,0,44.0,,,
200525,0,82.0,,,
200526,0,55.0,,,
200527,0,44.0,,,
200528,0,105.0,,,
200529,0,81.0,,,
200530,0,55.0,,,
200531,0,81.0,,,
200601,0,43.0,,,
200602,0,63.0,,,
200603,0,44.0,,,
200604,0,27.0,,,
200605,0,77.0,,,
200606,0,65.0,,,
200607,0,55.0,,,
200608,0,30.0,,,
200609,0,36.0,,,
200610,0,41.0,,,
200611,0,74.0,,,
200612,0,85.0,,,
200613,0,96.0,,,
200614,0,166.0,,,
200615,0,275.0,,,
200616,0,232.0,,,
200617,0,151.0,,,
200618,0,79.0,,,
200619,0,38.0,,,
200620,0,58.0,,,
200621,0,71.0,,,
200622,0,97.0,,,
200623,0,182.0,,,
200624,0,110.0,,,
200625,0,89.0,,,
200626,0,56.0,,,
200627,0,35.0,,,
200628,0,27.0,,,
200629,0,59.0,,,
200630,0,109.0,,,
200701,0,95.0,,,
200702,0,153.0,,,
200703,0,159.0,,,
200704,0,143.0,,,
200705,0,110.0,,,
200706,0,237.0,,,
200707,0,175.0,,,
200708,0,56.0,,,
200709,0,94.0,,,
200710,0,54.0,,,
200711,0,64.0,,,
200712,0,59.0,,,
200713,0,63.0,,,
200714,0,118.0,,,
200715,0,107.0,,,
200716,0,102.0,,,
200717,0,212.0,,,
200718,0,168.0,,,
200719,0,200.0,,,
200720,0,94.0,,,
200721,0,31.0,,,
200722,0,48.0,,,
200723,0,114.0,,,
200724,0,55.0,,,
200725,0,110.0,,,
200726,0,71.0,,,
200727,0,84.0,,,
200728,0,68.0,,,
200729,0,89.0,,,
200730,0,179.0,,,
200731,0,183.0,,,
200801,0,68.0,,,
200802,0,87.0,,,
200803,0,53.0,,,
200804,0,75.0,,,
200805,0,100.0,,,
200806,0,46.0,,,
200807,0,76.0,,,
200808,0,70.0,,,
200809,0,61.0,,,
200810,0,31.0,,,
200811,0,25.0,,,
200812,0,19.0,,,
200813,0,37.0,,,
200814,0,37.0,,,
200815,0,17.0,,,
200816,0,18.0,,,
200817,0,27.0,,,
200818,0,85.0,,,
200819,0,46.0,,,
200820,0,20.0,,,
200821,0,23.0,,,
200822,0,22.0,,,
200823,0,28.0,,,
200824,0,48.0,,,
200825,0,57.0,,,
200826,0,45.0,,,
200827,0,33.0,,,
200828,0,33.0,,,
200829,0,18.0,,,
200830,0,27.0,,,
200831,0,98.0,,,
200901,0,129.0,,,
200902,0,59.0,,,
200903,0,26.0,,,
200904,0,42.0,,,
200905,0,45.0,,,
200906,0,60.0,,,
200907,0,69.0,,,
200908,0,30.0,,,
200909,0,38.0,,,
200910,0,31.0,,,
200911,0,24.0,,,
200912,0,27.0,,,
200913,0,20.0,,,
200914,0,12.0,,,
200915,0,37.0,,,
200916,0,34.0,,,
200917,0,17.0,,,
200918,0,23.0,,,
200919,0,29.0,,,
200920,0,75.0,,,
200921,0,36.0,,,
200922,0,18.0,,,
200923,0,23.0,,,
200924,0,16.0,,,
200925,0,15.0,,,
200926,0,17.0,,,
200927,0,15.0,,,
200928,0,16.0,,,
200929,0,26.0,,,
200930,0,14.0,,,
201001,0,28.0,,,
201002,0,38.0,,,
201003,0,52.0,,,
201004,0,18.0,,,
201005,0,14.0,,,
201006,0,18.0,,,
201007,0,13.0,,,
201008,0,14.0,,,
201009,0,14.0,,,
201010,0,13.0,,,
201011,0,15.0,,,
201012,0,10.0,,,
201013,0,12.0,,,
201014,0,19.0,,,
201015,0,17.0,,,
201016,0,13.0,,,
201017,0,13.0,,,
201018,0,14.0,,,
201019,0,19.0,,,
201020,0,23.0,,,
201021,0,22.0,,,
201022,0,37.0,,,
201023,0,26.0,,,
201024,0,15.0,,,
201025,0,11.0,,,
201026,0,13.0,,,
201027,0,17.0,,,
201028,0,19.0,,,
201029,0,17.0,,,
201030,0,10.0,,,
201031,0,16.0,,,
201101,0,10.0,,,
201102,0,14.0,,,
201103,0,8.0,,,
201104,0,11.0,,,
201105,0,11.0,,,
201106,0,10.0,,,
201107,0,10.0,,,
201108,0,8.0,,,
201109,0,8.0,,,
201110,0,9.0,,,
201111,0,9.0,,,
201112,0,8.0,,,
201113,0,8.0,,,
201114,0,8.0,,,
201115,0,10.0,,,
201116,0,7.0,,,
201117,0,7.0,,,
201118,0,9.0,,,
201119,0,8.0,,,
201120,0,7.0,,,
201121,0,11.0,,,
201122,0,10.0,,,
201123,0,12.0,,,
201124,0,11.0,,,
201125,0,13.0,,,
201126,0,11.0,,,
201127,0,12.0,,,
201128,0,12.0,,,
201129,0,9.0,,,
201130,0,8.0,,,
201201,0,8.0,,,
201202,0,9.0,,,
201203,0,13.0,,,
201204,0,9.0,,,
201205,0,7.0,,,
201206,0,4.0,,,
201207,0,5.0,,,
201208,0,7.0,,,
201209,0,9.0,,,
201210,0,9.0,,,
201211,0,10.0,,,
201212,0,10.0,,,
201213,0,12.0,,,
201214,0,11.0,,,
201215,0,11.0,,,
201216,0,10.0,,,
201217,0,7.0,,,
201218,0,8.0,,,
201219,0,9.0,,,
201220,0,5.0,,,
201221,0,10.0,,,
201222,0,10.0,,,
201223,0,9.0,,,
201224,0,12.0,,,
201225,0,12.0,,,
201226,0,5.0,,,
201227,0,4.0,,,
201228,0,7.0,,,
201229,0,13.0,,,
201230,0,9.0,,,
201231,0,14.0,,,
210101,0,9.0,,,
210102,0,9.0,,,
210103,0,9.0,,,
210104,0,9.0,,,
210105,0,6.0,,,
210106,0,6.0,,,
210107,0,8.0,,,
210108,0,6.0,,,
210109,0,12.0,,,
210110,0,16.0,,,
210111,0,11.0,,,
210112,0,11.0,,,
210113,0,10.0,,,
210114,0,8.0,,,
210115,0,14.0,,,
210116,0,9.0,,,
210117,0,5.0,,,
210118,0,8.0,,,
210119,0,4.0,,,
210120,0,6.0,,,
210121,0,5.0,,,
210122,0,,,5.0,
210123,0,,,5.0,
210124,0,,,5.0,
210125,0,,,6.0,
210126,0,9.0,,,
210127,0,11.0,,,
210128,0,10.0,,,
210129,0,9.0,,,
210130,0,18.0,,,
210131,0,9.0,,,
210201,0,4.0,,,
210202,0,5.0,,,
210203,0,6.0,,,
210204,0,6.0,,,
210205,0,6.0,,,
210206,0,14.0,,,
210207,0,9.0,,,
210208,0,8.0,,,
210209,0,8.0,,,
210210,0,9.0,,,
210211,0,6.0,,,
210212,0,8.0,,,
210213,0,5.0,,,
210214,0,7.0,,,
210215,0,9.0,,,
210216,0,4.0,,,
210217,0,6.0,,,
210218,0,10.0,,,
210219,0,11.0,,,
210220,0,7.0,,,
210221,0,9.0,,,
210222,0,8.0,,,
210223,0,6.0,,,
210224,0,5.0,,,
210225,0,4.0,,,
210226,0,7.0,,,
210227,0,6.0,,,
210228,0,8.0,,,
210301,0,5.0,,,
210302,0,11.0,,,
210303,0,11.0,,,
210304,0,11.0,,,
210305,0,7.0,,,
210306,0,4.0,,,
210307,0,10.0,,,
210308,0,13.0,,,
210309,0,22.0,,,
210310,0,16.0,,,
210311,0,11.0,,,
210312,0,9.0,,,
210313,0,10.0,,,
210314,0,20.0,,,
210315,0,9.0,,,
210316,0,20.0,,,
210317,0,50.0,,,
210318,0,29.0,,,
210319,0,12.0,,,
210320,0,11.0,,,
210321,0,12.0,,,
210322,0,11.0,,,
210323,0,12.0,,,
210324,0,19.0,,,
210325,0,21.0,,,
210326,0,14.0,,,
210327,0,11.0,,,
210328,0,12.0,,,
210329,0,15.0,,,
210330,0,7.0,,,
210331,0,15.0,,,
210401,0,23.0,,,
210402,0,18.0,,,
210403,0,13.0,,,
210404,0,21.0,,,
210405,0,16.0,,,
210406,0,17.0,,,
210407,0,21.0,,,
210408,0,23.0,,,
210409,0,43.0,,,
210410,0,24.0,,,
210411,0,18.0,,,
210412,0,17.0,,,
210413,0,21.0,,,
210414,0,13.0,,,
210415,0,10.0,,,
210416,0,15.0,,,
210417,0,48.0,,,
210418,0,53.0,,,
210419,0,31.0,,,
210420,0,42.0,,,
210421,0,44.0,,,
210422,0,58.0,,,
210423,0,36.0,,,
210424,0,50.0,,,
210425,0,28.0,,,
210426,0,22.0,,,
210427,0,25.0,,,
210428,0,25.0,,,
210429,0,36.0,,,
210430,0,42.0,,,
210501,0,47.0,,,
210502,0,18.0,,,
210503,0,48.0,,,
210504,0,59.0,,,
210505,0,137.0,,,
210506,0,278.0,,,
210507,0,242.0,,,
210508,0,42.0,,,
210509,0,36.0,,,
210510,0,80.0,,,
210511,0,60.0,,,
210512,0,25.0,,,
210513,0,57.0,,,
210514,0,116.0,,,
210515,0,77.0,,,
210516,0,129.0,,,
210517,0,127.0,,,
210518,0,238.0,,,
210519,0,182.0,,,
210520,0,128.0,,,
210521,0,110.0,,,
210522,0,51.0,,,
210523,0,42.0,,,
210524,0,22.0,,,
210525,0,,,,
210526,0,47.0,,,
210527,0,55.0,,,
210528,0,51.0,,,
210529,0,35.0,,,
210530,0,60.0,,,
210531,0,40.0,,,
210601,0,26.0,,,
210602,0,51.0,,,
210603,0,41.0,,,
210604,0,30.0,,,
210605,0,28.0,,,
210606,0,38.0,,,
210607,0,96.0,,,
210608,0,55.0,,,
210609,0,50.0,,,
210610,0,59.0,,,
210611,0,52.0,,,
210612,0,45.0,,,
210613,0,66.0,,,
210614,0,59.0,,,
210615,0,221.0,,,
210616,0,340.0,,,
210617,0,415.0,,,
210618,0,271.0,,,
210619,0,92.0,,,
210620,0,164.0,,,
210621,0,169.0,,,
210622,0,187.0,,,
210623,0,129.0,,,
210624,0,57.0,,,
210625,0,68.0,,,
210626,0,94.0,,,
210627,0,185.0,,,
210628,0,265.0,,,
210629,0,303.0,,,
210630,0,118.0,,,
210701,0,33.0,,,
210702,0,40.0,,,
210703,0,20.0,,,
210704,0,41.0,,,
210705,0,53.0,,,
210706,0,60.0,,,
210707,0,71.0,,,
210708,0,97.0,,,
210709,0,78.0,,,
210710,0,24.0,,,
210711,0,15.0,,,
210712,0,26.0,,,
210713,0,43.0,,,
210714,0,40.0,,,
210715,0,32.0,,,
210716,0,31.0,,,
210717,0,41.0,,,
210718,0,47.0,,,
210719,0,38.0,,,
210720,0,44.0,,,
210721,0,41.0,,,
210722,0,31.0,,,
210723,0,35.0,,,
210724,0,78.0,,,
210725,0,45.0,,,
210726,0,45.0,,,
210727,0,43.0,,,
210728,0,29.0,,,
210729,0,28.0,,,
210730,0,54.0,,,
210731,0,51.0,,,
210801,0,27.0,,,
210802,0,35.0,,,
210803,0,97.0,,,
210804,0,257.0,,,
210805,0,81.0,,,
210806,0,35.0,,,
210807,0,27.0,,,
210808,0,36.0,,,
210809,0,43.0,,,
210810,0,72.0,,,
210811,0,73.0,,,
210812,0,93.0,,,
210813,0,44.0,,,
210814,0,38.0,,,
210815,0,77.0,,,
210816,0,64.0,,,
210817,0,40.0,,,
210818,0,62.0,,,
210819,0,79.0,,,
210820,0,69.0,,,
210821,0,81.0,,,
210822,0,46.0,,,
210823,0,33.0,,,
210824,0,23.0,,,
210825,0,26.0,,,
210826,0,58.0,,,
210827,0,59.0,,,
210828,0,28.0,,,
210829,0,78.0,,,
210830,0,69.0,,,
210831,0,35.0,,,
210901,0,60.0,,,
210902,0,105.0,,,
210903,0,63.0,,,
210904,0,48.0,,,
210905,0,72.0,,,
210906,0,99.0,,,
210907,0,54.0,,,
210908,0,26.0,,,
210909,0,36.0,,,
210910,0,47.0,,,
210911,0,28.0,,,
210912,0,19.0,,,
210913,0,21.0,,,
210914,0,14.0,,,
210915,0,19.0,,,
210916,0,29.0,,,
210917,0,21.0,,,
210918,0,26.0,,,
210919,0,30.0,,,
210920,0,22.0,,,
210921,0,30.0,,,
210922,0,17.0,,,
210923,0,20.0,,,
210924,0,17.0,,,
210925,0,20.0,,,
210926,0,19.0,,,
210927,0,18.0,,,
210928,0,16.0,,,
210929,0,24.0,,,
210930,0,17.0,,,
211001,0,38.0,,,
211002,0,25.0,,,
211003,0,12.0,,,
211004,0,18.0,,,
211005,0,25.0,,,
211006,0,17.0,,,
211007,0,32.0,,,
211008,0,15.0,,,
211009,0,12.0,,,
211010,0,13.0,,,
211011,0,20.0,,,
211012,0,27.0,,,
211013,0,22.0,,,
211014,0,18.0,,,
211015,0,11.0,,,
211016,0,10.0,,,
211017,0,15.0,,,
211018,0,10.0,,,
211019,0,12.0,,,
211020,0,10.0,,,
211021,0,16.0,,,
211022,0,17.0,,,
211023,0,12.0,,,
211024,0,12.0,,,
211025,0,13.0,,,
211026,0,12.0,,,
211027,0,13.0,,,
211028,0,10.0,,,
211029,0,17.0,,,
211030,0,17.0,,,
211031,0,8.0,,,
211101,0,18.0,,,
211102,0,11.0,,,
211103,0,16.0,,,
211104,0,14.0,,,
211105,0,12.0,,,
211106,0,11.0,,,
211107,0,13.0,,,
211108,0,18.0,,,
211109,0,12.0,,,
211110,0,13.0,,,
211111,0,17.0,,,
211112,0,13.0,,,
211113,0,9.0,,,
211114,0,15.0,,,
211115,0,21.0,,,
211116,0,13.0,,,
211117,0,8.0,,,
211118,0,7.0,,,
211119,0,7.0,,,
211120,0,8.0,,,
211121,0,8.0,,,
211122,0,5.0,,,
211123,0,4.0,,,
211124,0,8.0,,,
211125,0,7.0,,,
211126,0,12.0,,,
211127,0,12.0,,,
211128,0,6.0,,,
211129,0,12.0,,,
211130,0,8.0,,,
211201,0,9.0,,,
211202,0,10.0,,,
211203,0,7.0,,,
211204,0,7.0,,,
211205,0,5.0,,,
211206,0,6.0,,,
211207,0,4.0,,,
211208,0,12.0,,,
211209,0,6.0,,,
211210,0,5.0,,,
211211,0,6.0,,,
211212,0,5.0,,,
211213,0,8.0,,,
211214,0,7.0,,,
211215,0,5.0,,,
211216,0,3.0,,,
211217,0,6.0,,,
211218,0,7.0,,,
211219,0,3.0,,,
211220,0,4.0,,,
211221,0,4.0,,,
211222,0,6.0,,,
211223,0,4.0,,,
211224,0,4.0,,,
211225,0,3.0,,,
211226,0,2.0,,,
211227,0,3.0,,,
211228,0,3.0,,,
211229,0,3.0,,,
211230,0,5.0,,,
211231,0,9.0,,,
220101,0,10.0,,,
220102,0,9.0,,,
220103,0,9.0,,,
220104,0,6.0,,,
220105,0,3.0,,,
220106,0,3.0,,,
220107,0,3.0,,,
220108,0,4.0,,,
220109,0,4.0,,,
220110,0,3.0,,,
220111,0,3.0,,,
220112,0,2.0,,,
220113,0,4.0,,,
220114,0,2.0,,,
220115,0,6.0,,,
220116,0,6.0,,,
220117,0,11.0,,,
220118,0,9.0,,,
220119,0,8.0,,,
220120,0,8.0,,,
220121,0,5.0,,,
220122,0,7.0,,,
220123,0,5.0,,,
220124,0,4.0,,,
220125,0,,,10.0,
220126,0,,,5.0,
220127,0,,,5.0,
220128,0,,,5.0,
220129,0,5.0,,,
220130,0,6.0,,,
220131,0,5.0,,,
220201,0,4.0,,,
220202,0,2.0,,,
220203,0,3.0,,,
220204,0,5.0,,,
220205,0,4.0,,,
220206,0,4.0,,,
220207,0,3.0,,,
220208,0,6.0,,,
220209,0,5.0,,,
220210,0,7.0,,,
220211,0,5.0,,,
220212,0,3.0,,,
220213,0,3.0,,,
220214,0,6.0,,,
220215,0,7.0,,,
220216,0,8.0,,,
220217,0,5.0,,,
220218,0,3.0,,,
220219,0,5.0,,,
220220,0,10.0,,,
220221,0,6.0,,,
220222,0,17.0,,,
220223,0,10.0,,,
220224,0,6.0,,,
220225,0,8.0,,,
220226,0,10.0,,,
220227,0,8.0,,,
220228,0,9.0,,,
220301,0,5.0,,,
220302,0,5.0,,,
220303,0,8.0,,,
220304,0,12.0,,,
220305,0,13.0,,,
220306,0,22.0,,,
220307,0,17.0,,,
220308,0,26.0,,,
220309,0,14.0,,,
220310,0,14.0,,,
220311,0,10.0,,,
220312,0,16.0,,,
220313,0,8.0,,,
220314,0,12.0,,,
220315,0,10.0,,,
220316,0,12.0,,,
220317,0,12.0,,,
220318,0,24.0,,,
220319,0,49.0,,,
220320,0,30.0,,,
220321,0,11.0,,,
220322,0,13.0,,,
220323,0,17.0,,,
220324,0,15.0,,,
220325,0,16.0,,,
220326,0,21.0,,,
220327,0,21.0,,,
220328,0,21.0,,,
220329,0,33.0,,,
220330,0,40.0,,,
220331,0,16.0,,,
220401,0,14.0,,,
220402,0,21.0,,,
220403,0,9.0,,,
220404,0,9.0,,,
220405,0,18.0,,,
220406,0,24.0,,,
220407,0,41.0,,,
220408,0,46.0,,,
220409,0,32.0,,,
220410,0,11.0,,,
220411,0,25.0,,,
220412,0,20.0,,,
220413,0,10.0,,,
220414,0,30.0,,,
220415,0,22.0,,,
220416,0,32.0,,,
220417,0,53.0,,,
220418,0,20.0,,,
220419,0,16.0,,,
220420,0,17.0,,,
220421,0,43.0,,,
220422,0,32.0,,,
220423,0,28.0,,,
220424,0,28.0,,,
220425,0,41.0,,,
220426,0,27.0,,,
220427,0,105.0,,,
220428,0,75.0,,,
220429,0,54.0,,,
220430,0,24.0,,,
220501,0,39.0,,,
220502,0,19.0,,,
220503,0,30.0,,,
220504,0,29.0,,,
220505,0,31.0,,,
220506,0,49.0,,,
220507,0,31.0,,,
220508,0,17.0,,,
220509,0,26.0,,,
220510,0,68.0,,,
220511,0,124.0,,,
220512,0,73.0,,,
220513,0,46.0,,,
220514,0,89.0,,,
220515,0,242.0,,,
220516,0,332.0,,,
220517,0,322.0,,,
220518,0,341.0,,,
220519,0,279.0,,,
220520,0,172.0,,,
220521,0,61.0,,,
220522,0,33.0,,,
220523,0,34.0,,,
220524,0,50.0,,,
220525,0,52.0,,,
220526,0,47.0,,,
220527,0,62.0,,,
220528,0,65.0,,,
220529,0,131.0,,,
220530,0,155.0,,,
220531,0,116.0,,,
220601,0,220.0,,,
220602,0,245.0,,,
220603,0,174.0,,,
220604,0,51.0,,,
220605,0,54.0,,,
220606,0,72.0,,,
220607,0,43.0,,,
220608,0,77.0,,,
220609,0,57.0,,,
220610,0,81.0,,,
220611,0,358.0,,,
220612,0,258.0,,,
220613,0,129.0,,,
220614,0,176.0,,,
220615,0,75.0,,,
220616,0,31.0,,,
220617,0,23.0,,,
220618,0,46.0,,,
220619,0,49.0,,,
220620,0,132.0,,,
220621,0,259.0,,,
220622,0,287.0,,,
220623,0,308.0,,,
220624,0,342.0,,,
220625,0,279.0,,,
220626,0,87.0,,,
220627,0,57.0,,,
220628,0,66.0,,,
220629,0,59.0,,,
220630,0,66.0,,,
220701,0,88.0,,,
220702,0,87.0,,,
220703,0,91.0,,,
220704,0,60.0,,,
220705,0,82.0,,,
220706,0,93.0,,,
220707,0,109.0,,,
220708,0,157.0,,,
220709,0,96.0,,,
220710,0,41.0,,,
220711,0,93.0,,,
220712,0,69.0,,,
220713,0,133.0,,,
220714,0,74.0,,,
220715,0,70.0,,,
220716,0,67.0,,,
220717,0,44.0,,,
220718,0,15.0,,,
220719,0,25.0,,,
220720,0,33.0,,,
220721,0,57.0,,,
220722,0,112.0,,,
220723,0,110.0,,,
220724,0,95.0,,,
220725,0,146.0,,,
220726,0,101.0,,,
220727,0,64.0,,,
220728,0,16.0,,,
220729,0,29.0,,,
220730,0,62.0,,,
220731,0,53.0,,,
220801,0,37.0,,,
220802,0,45.0,,,
220803,0,64.0,,,
220804,0,46.0,,,
220805,0,151.0,,,
220806,0,81.0,,,
220807,0,31.0,,,
220808,0,57.0,,,
220809,0,22.0,,,
220810,0,27.0,,,
220811,0,42.0,,,
220812,0,26.0,,,
220813,0,65.0,,,
220814,0,35.0,,,
220815,0,31.0,,,
220816,0,31.0,,,
220817,0,36.0,,,
220818,0,15.0,,,
220819,0,20.0,,,
220820,0,69.0,,,
220821,0,44.0,,,
220822,0,27.0,,,
220823,0,34.0,,,
220824,0,17.0,,,
220825,0,26.0,,,
220826,0,21.0,,,
220827,0,37.0,,,
220828,0,59.0,,,
220829,0,100.0,,,
220830,0,27.0,,,
220831,0,30.0,,,
220901,0,16.0,,,
220902,0,10.0,,,
220903,0,9.0,,,
220904,0,10.0,,,
220905,0,26.0,,,
220906,0,67.0,,,
220907,0,45.0,,,
220908,0,49.0,,,
220909,0,17.0,,,
220910,0,22.0,,,
220911,0,31.0,,,
220912,0,39.0,,,
220913,0,34.0,,,
220914,0,59.0,,,
220915,0,45.0,,,
220916,0,60.0,,,
220917,0,34.0,,,
220918,0,42.0,,,
220919,0,45.0,,,
220920,0,101.0,,,
220921,0,43.0,,,
220922,0,47.0,,,
220923,0,28.0,,,
220924,0,15.0,,,
220925,0,17.0,,,
220926,0,14.0,,,
220927,0,14.0,,,
220928,0,19.0,,,
220929,0,25.0,,,
220930,0,29.0,,,
221001,0,51.0,,,
221002,0,84.0,,,
221003,0,48.0,,,
221004,0,14.0,,,
221005,0,13.0,,,
221006,0,12.0,,,
221007,0,22.0,,,
221008,0,23.0,,,
221009,0,13.0,,,
221010,0,10.0,,,
221011,0,11.0,,,
221012,0,14.0,,,
221013,0,17.0,,,
221014,0,15.0,,,
221015,0,14.0,,,
221016,0,44.0,,,
221017,0,31.0,,,
221018,0,14.0,,,
221019,0,9.0,,,
221020,0,11.0,,,
221021,0,16.0,,,
221022,0,26.0,,,
221023,0,16.0,,,
221024,0,11.0,,,
221025,0,18.0,,,
221026,0,9.0,,,
221027,0,17.0,,,
221028,0,20.0,,,
221029,0,17.0,,,
221030,0,28.0,,,
221031,0,10.0,,,
221101,0,15.0,,,
221102,0,31.0,,,
221103,0,24.0,,,
221104,0,14.0,,,
221105,0,9.0,,,
221106,0,11.0,,,
221107,0,13.0,,,
221108,0,7.0,,,
221109,0,8.0,,,
221110,0,9.0,,,
221111,0,11.0,,,
221112,0,7.0,,,
221113,0,6.0,,,
221114,0,11.0,,,
221115,0,10.0,,,
221116,0,11.0,,,
221117,0,15.0,,,
221118,0,9.0,,,
221119,0,16.0,,,
221120,0,16.0,,,
221121,0,8.0,,,
221122,0,5.0,,,
221123,0,10.0,,,
221124,0,11.0,,,
221125,0,10.0,,,
221126,0,8.0,,,
221127,0,6.0,,,
221128,0,6.0,,,
221129,0,4.0,,,
221130,0,7.0,,,
221201,0,6.0,,,
221202,0,8.0,,,
221203,0,10.0,,,
221204,0,10.0,,,
221205,0,14.0,,,
221206,0,10.0,,,
221207,0,11.0,,,
221208,0,10.0,,,
221209,0,13.0,,,
221210,0,20.0,,,
221211,0,9.0,,,
221212,0,6.0,,,
221213,0,9.0,,,
221214,0,7.0,,,
221215,0,8.0,,,
221216,0,5.0,,,
221217,0,6.0,,,
221218,0,5.0,,,
221219,0,10.0,,,
221220,0,9.0,,,
221221,0,6.0,,,
221222,0,7.0,,,
221223,0,10.0,,,
221224,0,7.0,,,
221225,0,4.0,,,
221226,0,4.0,,,
221227,0,6.0,,,
221228,0,6.0,,,
221229,0,4.0,,,
221230,0,5.0,,,
221231,0,7.0,,,
230101,0,6.0,,,
230102,0,5.0,,,
230103,0,3.0,,,
230104,0,5.0,,,
230105,0,2.0,,,
230106,0,3.0,,,
230107,0,5.0,,,
230108,0,6.0,,,
230109,0,5.0,,,
230110,0,17.0,,,
230111,0,8.0,,,
230112,0,7.0,,,
230113,0,5.0,,,
230114,0,8.0,,,
230115,0,5.0,,,
230116,0,5.0,,,
230117,0,5.0,,,
230118,0,7.0,,,
230119,0,4.0,,,
230120,0,3.0,,,
230121,0,2.0,,,
230122,0,4.0,,,
230123,0,6.0,,,
230124,0,,,4.0,
230125,0,,,4.0,
230126,0,,,4.0,
230127,0,,,5.0,
230128,0,3.0,,,
230129,0,3.0,,,
230130,0,4.0,,,
230131,0,6.0,,,
230201,0,4.0,,,
230202,0,4.0,,,
230203,0,4.0,,,
230204,0,4.0,,,
230205,0,5.0,,,
230206,0,7.0,,,
230207,0,4.0,,,
230208,0,3.0,,,
230209,0,5.0,,,
230210,0,7.0,,,
230211,0,8.0,,,
230212,0,6.0,,,
230213,0,14.0,,,
230214,0,9.0,,,
230215,0,,,11.0,
230216,0,20.0,,,
230217,0,11.0,,,
230218,0,5.0,,,
230219,0,9.0,,,
230220,0,7.0,,,
230221,0,6.0,,,
230222,0,5.0,,,
230223,0,5.0,,,
230224,0,9.0,,,
230225,0,10.0,,,
230226,0,7.0,,,
230227,0,4.0,,,
230228,0,,,,
230301,0,,,,
230302,0,6.0,,,
230303,0,10.0,,,
230304,0,15.0,,,
230305,0,9.0,,,
230306,0,12.0,,,
230307,0,18.0,,,
230308,0,15.0,,,
230309,0,14.0,,,
230310,0,21.0,,,
230311,0,28.0,,,
230312,0,9.0,,,
230313,0,11.0,,,
230314,0,14.0,,,
230315,0,11.0,,,
230316,0,22.0,,,
230317,0,13.0,,,
230318,0,21.0,,,
230319,0,13.0,,,
230320,0,25.0,,,
230321,0,34.0,,,
230322,0,10.0,,,
230323,0,15.0,,,
230324,0,13.0,,,
230325,0,32.0,,,
230326,0,12.0,,,
230327,0,16.0,,,
230328,0,34.0,,,
230329,0,23.0,,,
230330,0,43.0,,,
230331,0,46.0,,,
230401,0,28.0,,,
230402,0,22.0,,,
230403,0,15.0,,,
230404,0,30.0,,,
230405,0,34.0,,,
230406,0,18.0,,,
230407,0,41.0,,,
230408,0,23.0,,,
230409,0,12.0,,,
230410,0,133.0,,,
230411,0,113.0,,,
230412,0,96.0,,,
230413,0,160.0,,,
230414,0,71.0,,,
230415,0,47.0,,,
230416,0,30.0,,,
230417,0,22.0,,,
230418,0,15.0,,,
230419,0,15.0,,,
230420,0,10.0,,,
230421,0,29.0,,,
230422,0,25.0,,,
230423,0,67.0,,,
230424,0,24.0,,,
230425,0,28.0,,,
230426,0,52.0,,,
230427,0,43.0,,,
230428,0,67.0,,,
230429,0,10.0,,,
230430,0,14.0,,,
230501,0,23.0,,,
230502,0,22.0,,,
230503,0,11.0,,,
230504,0,18.0,,,
230505,0,21.0,,,
230506,0,27.0,,,
230507,0,21.0,,,
230508,0,19.0,,,
230509,0,42.0,,,
230510,0,82.0,,,
230511,0,18.0,,,
230512,0,34.0,,,
230513,0,36.0,,,
230514,0,114.0,,,
230515,0,37.0,,,
230516,0,18.0,,,
230517,0,14.0,,,
230518,0,36.0,,,
230519,0,43.0,,,
230520,0,103.0,,,
230521,0,80.0,,,
230522,0,132.0,,,
230523,0,120.0,,,
230524,0,65.0,,,
230525,0,37.0,,,
230526,0,51.0,,,
230527,0,35.0,,,
230528,0,67.0,,,
230529,0,63.0,,,
230530,0,50.0,,,
230531,0,26.0,,,
230601,0,69.0,,,
230602,0,58.0,,,
230603,0,54.0,,,
230604,0,59.0,,,
230605,0,69.0,,,
230606,0,25.0,,,
230607,0,44.0,,,
230608,0,44.0,,,
230609,0,77.0,,,
230610,0,64.0,,,
230611,0,25.0,,,
230612,0,40.0,,,
230613,0,93.0,,,
230614,0,29.0,,,
230615,0,88.0,,,
230616,0,151.0,,,
230617,0,85.0,,,
230618,0,114.0,,,
230619,0,382.0,,,
230620,0,223.0,,,
230621,0,181.0,,,
230622,0,69.0,,,
230623,0,83.0,,,
230624,0,150.0,,,
230625,0,116.0,,,
230626,0,71.0,,,
230627,0,185.0,,,
230628,0,150.0,,,
230629,0,117.0,,,
230630,0,194.0,,,
230701,0,193.0,,,
230702,0,66.0,,,
230703,0,53.0,,,
230704,0,68.0,,,
230705,0,49.0,,,
230706,0,55.0,,,
230707,0,94.0,,,
230708,0,105.0,,,
230709,0,115.0,,,
230710,0,75.0,,,
230711,0,53.0,,,
230712,0,107.0,,,
230713,0,191.0,,,
230714,0,124.0,,,
230715,0,43.0,,,
230716,0,94.0,,,
230717,0,86.0,,,
230718,0,96.0,,,
230719,0,172.0,,,
230720,0,135.0,,,
230721,0,81.0,,,
230722,0,66.0,,,
230723,0,72.0,,,
230724,0,130.0,,,
230725,0,200.0,,,
230726,0,113.0,,,
230727,0,118.0,,,
230728,0,145.0,,,
230729,0,22.0,,,
230730,0,81.0,,,
230731,0,80.0,,,
230801,0,22.0,,,
230802,0,22.0,,,
230803,0,17.0,,,
230804,0,23.0,,,
230805,0,31.0,,,
230806,0,33.0,,,
230807,0,167.0,,,
230808,0,66.0,,,
230809,0,77.0,,,
230810,0,49.0,,,
230811,0,41.0,,,
230812,0,161.0,,,
230813,0,107.0,,,
230814,0,59.0,,,
230815,0,31.0,,,
230816,0,70.0,,,
230817,0,98.0,,,
230818,0,116.0,,,
230819,0,75.0,,,
230820,0,67.0,,,
230821,0,59.0,,,
230822,0,26.0,,,
230823,0,25.0,,,
230824,0,31.0,,,
230825,0,31.0,,,
230826,0,23.0,,,
230827,0,28.0,,,
230828,0,21.0,,,
230829,0,26.0,,,
230830,0,22.0,,,
230831,0,50.0,,,
230901,0,25.0,,,
230902,0,32.0,,,
230903,0,64.0,,,
230904,0,75.0,,,
230905,0,65.0,,,
230906,0,74.0,,,
230907,0,59.0,,,
230908,0,54.0,,,
230909,0,55.0,,,
230910,0,30.0,,,
230911,0,23.0,,,
230912,0,26.0,,,
230913,0,26.0,,,
230914,0,16.0,,,
230915,0,32.0,,,
230916,0,31.0,,,
230917,0,32.0,,,
230918,0,53.0,,,
230919,0,94.0,,,
230920,0,136.0,,,
230921,0,73.0,,,
230922,0,60.0,,,
230923,0,41.0,,,
230924,0,53.0,,,
230925,0,33.0,,,
230926,0,10.0,,,
230927,0,24.0,,,
230928,0,35.0,,,
230929,0,32.0,,,
230930,0,33.0,,,
231001,0,16.0,,,
231002,0,17.0,,,
231003,0,17.0,,,
231004,0,12.0,,,
231005,0,15.0,,,
231006,0,14.0,,,
231007,0,8.0,,,
231008,0,14.0,,,
231009,0,14.0,,,
231010,0,37.0,,,
231011,0,,,13.0,
231012,0,,,2.0,
231013,0,,,2.0,
231014,0,,,2.0,
231015,0,,,12.0,
231016,0,17.0,,,
231017,0,24.0,,,
231018,0,20.0,,,
231019,0,7.0,,,
231020,0,20.0,,,
231021,0,22.0,,,
231022,0,20.0,,,
231023,0,47.0,,,
231024,0,8.0,,,
231025,0,8.0,,,
231026,0,5.0,,,
231027,0,14.0,,,
231028,0,22.0,,,
231029,0,26.0,,,
231030,0,48.0,,,
231031,0,32.0,,,
231101,0,43.0,,,
231102,0,10.0,,,
231103,0,9.0,,,
231104,0,19.0,,,
231105,0,28.0,,,
231106,0,32.0,,,
231107,0,11.0,,,
231108,0,10.0,,,
231109,0,13.0,,,
231110,0,15.0,,,
231111,0,14.0,,,
231112,0,10.0,,,
231113,0,18.0,,,
231114,0,13.0,,,
231115,0,14.0,,,
231116,0,11.0,,,
231117,0,13.0,,,
231118,0,20.0,,,
231119,0,21.0,,,
231120,0,15.0,,,
231121,0,13.0,,,
231122,0,11.0,,,
231123,0,10.0,,,
231124,0,11.0,,,
231125,0,7.0,,,
231126,0,12.0,,,
231127,0,14.0,,,
231128,0,7.0,,,
231129,0,9.0,,,
231130,0,10.0,,,
231201,0,14.0,,,
231202,0,14.0,,,
231203,0,12.0,,,
231204,0,8.0,,,
231205,0,5.0,,,
231206,0,8.0,,,
231207,0,10.0,,,
231208,0,8.0,,,
231209,0,7.0,,,
231210,0,7.0,,,
231211,0,8.0,,,
231212,0,7.0,,,
231213,0,7.0,,,
231214,0,9.0,,,
231215,0,18.0,,,
231216,0,15.0,,,
231217,0,30.0,,,
231218,0,13.0,,,
231219,0,13.0,,,
231220,0,8.0,,,
231221,0,6.0,,,
231222,0,5.0,,,
231223,0,6.0,,,
231224,0,9.0,,,
231225,0,4.0,,,
231226,0,7.0,,,
231227,0,5.0,,,
231228,0,5.0,,,
231229,0,8.0,,,
231230,0,5.0,,,
231231,0,8.0,,,
240101,0,,7.0,,
240102,0,,7.0,,
240103,0,,5.0,,
240104,0,,7.0,,
240105,0,,6.0,,
240106,0,,8.0,,
240107,0,,7.0,,
240108,0,,6.0,,
240109,0,,6.0,,
240110,0,,7.0,,
240111,0,,6.0,,
240112,0,,5.0,,
240113,0,,6.0,,
240114,0,,4.0,,
240115,0,,4.0,,
240116,0,,5.0,,
240117,0,,5.0,,
240118,0,,6.0,,
240119,0,,7.0,,
240120,0,,9.0,,
240121,0,,6.0,,
240122,0,,5.0,,
240123,0,,4.0,,
240124,0,,3.0,,
240125,0,,4.0,,
240126,0,,4.0,,
240127,0,,6.0,,
240128,0,,6.0,,
240129,0,,5.0,,
240130,0,,6.0,,
240131,0,,5.0,,
240201,0,,3.0,,
240202,0,,7.0,,
240203,0,,5.0,,
240204,0,,3.0,,
240205,0,,3.0,,
240206,0,,6.0,,
240207,0,,6.0,,
240208,0,,7.0,,
240209,0,,5.0,,
240210,0,,6.0,,
240211,0,,8.0,,
240212,0,,8.0,,
240213,0,,7.0,,
240214,0,,8.0,,
240215,0,,7.0,,
240216,0,,9.0,,
240217,0,,6.0,,
240218,0,,5.0,,
240219,0,,7.0,,
240220,0,,6.0,,
240221,0,,6.0,,
240222,0,,10.0,,
240223,0,,16.0,,
240224,0,,15.0,,
240225,0,,7.0,,
240226,0,,5.0,,
240227,0,,8.0,,
240228,0,,8.0,,
240229,0,,11.0,,
240301,0,,8.0,,
240302,0,,13.0,,
240303,0,,12.0,,
240304,0,,31.0,,
240305,0,,24.0,,
240306,0,,11.0,,
240307,0,,20.0,,
240308,0,,20.0,,
240309,0,,14.0,,
240310,0,,10.0,,
240311,0,,26.0,,
240312,0,,11.0,,
240313,0,,21.0,,
240314,0,,12.0,,
240315,0,,16.0,,
240316,0,,11.0,,
240317,0,,,4.0,
240318,0,,,2.0,
240319,0,,,2.0,
240320,0,,,8.0,
240321,0,,25.0,,
240322,0,,,57.0,
240323,0,,,46.0,
240324,0,,24.0,,
240325,0,,23.0,,
240326,0,,9.0,,
240327,0,,16.0,,
240328,0,,24.0,,
240329,0,,12.0,,
240330,0,,19.0,,
240331,0,,21.0,,
240401,0,,17.0,,
240402,0,,32.0,,
240403,0,,18.0,,
240404,0,,10.0,,
240405,0,,10.0,,
240406,0,,9.0,,
240407,0,,14.0,,
240408,0,,25.0,,
240409,0,,35.0,,
240410,0,,98.0,,
240411,0,,175.0,,
240412,0,,121.0,,
240413,0,,149.0,,
240414,0,,77.0,,
240415,0,,39.0,,
240416,0,,14.0,,
240417,0,,20.0,,
240418,0,,38.0,,
240419,0,,16.0,,
240420,0,,28.0,,
240421,0,,100.0,,
240422,0,,104.0,,
240423,0,,71.0,,
240424,0,,70.0,,
240425,0,,39.0,,
240426,0,,26.0,,
240427,0,,18.0,,
240428,0,,25.0,,
240429,0,,32.0,,
240430,0,,32.0,,
240501,0,,63.0,,
240502,0,,53.0,,
240503,0,,48.0,,
240504,0,,36.0,,
240505,0,,31.0,,
240506,0,,82.0,,
240507,0,,85.0,,
240508,0,,50.0,,
240509,0,,74.0,,
240510,0,,77.0,,
