FECHA;HORA ;Registros validados;Registros preliminares;Registros no validados
150318;0;21,7083;;
150319;0;31,9583;;
150320;0;29,4167;;
150321;0;56,0416;;
150322;0;104,792;;
150323;0;69,0833;;
150324;0;58,375;;
150325;0;92,7916;;
150326;0;63,375;;
150327;0;42,7391;;
150328;0;34,875;;
150329;0;16,4583;;
150330;0;23,6667;;
150331;0;28,9583;;
150401;0;30,5833;;
150402;0;32;;
150403;0;;;40,0128
150404;0;;;32,8739
150405;0;;;139,898
150406;0;;;186,53
150407;0;;;151,682
150408;0;;;84,2007
150409;0;;;31,5865
150410;0;;;70,9795
150411;0;;;87,6428
150412;0;;;53,4855
150413;0;;;75,2632
150414;0;;;96,3987
150415;0;;;166,441
150416;0;;;98,3339
150417;0;;;43,5008
150418;0;;;59,413
150419;0;;;32,1711
150420;0;;;40,0955
150421;0;;;22,1271
150422;0;;;15,3529
150423;0;;;11,5855
150424;0;;;22,9007
150425;0;;;23,1291
150426;0;;;50,7092
150427;0;;;87,2443
150428;0;;;55,3737
150429;0;;;52,2684
150430;0;;;21,0697
150501;0;;;34,5717
150502;0;;;31,0335
150503;0;;;12,9858
150504;0;;;24,4082
150505;0;;;74,1296
150506;0;;;115,445
150507;0;;;104,504
150508;0;;;113,31
150509;0;;;64,7153
150510;0;;;48,7045
150511;0;;;62,0491
150512;0;;;36,1611
150513;0;;;14,3196
150514;0;;;11,1722
150515;0;;;19,653
150516;0;;;16,958
150517;0;;;16,9624
150518;0;;;59,6921
150519;0;;;36,1898
150520;0;;;14,6532
150521;0;;;5,22215
150522;0;;;8,91092
150523;0;;;
150524;0;21,7917;;
150525;0;42,1666;;
150526;0;112,344;;
150527;0;124,166;;
150528;0;89,1125;;
150529;0;34,597;;
150530;0;64,2853;;
150531;0;67,7823;;
150601;0;56,9683;;
150602;0;119,072;;
150603;0;48,2858;;
150604;0;110,006;;
150605;0;79,2374;;
150606;0;71,1028;;
150607;0;149,393;;
150608;0;168,372;;
150609;0;109,2;;
150610;0;38,7707;;
150611;0;41,7075;;
150612;0;47,8254;;
150613;0;43,2461;;
150614;0;;;
150615;0;28,4265;;
150616;0;43,2463;;
150617;0;54,7262;;
150618;0;109,531;;
150619;0;101,733;;
150620;0;56,8087;;
150621;0;41,4349;;
150622;0;129,695;;
150623;0;376,437;;
150624;0;510,574;;
150625;0;186,898;;
150626;0;103,428;;
150627;0;31,0691;;
150628;0;18,7568;;
150629;0;29,6459;;
150630;0;87,3048;;
150701;0;81,9907;;
150702;0;90,142;;
150703;0;85,8264;;
150704;0;334,229;;
150705;0;142,136;;
150706;0;90,0106;;
150707;0;115,623;;
150708;0;146,594;;
150709;0;93,1499;;
150710;0;60,5961;;
150711;0;39,5512;;
150712;0;45,9945;;
150713;0;44,4081;;
150714;0;32,0759;;
150715;0;73,3256;;
150716;0;82,2482;;
150717;0;50,9691;;
150718;0;55,4135;;
150719;0;31,9458;;
150720;0;42,3325;;
150721;0;38,9507;;
150722;0;49,6109;;
150723;0;43,2574;;
150724;0;95,5529;;
150725;0;105,898;;
150726;0;97,4786;;
150727;0;82,7124;;
150728;0;62,1376;;
150729;0;104,906;;
150730;0;87,8015;;
150731;0;141,234;;
150801;0;101,441;;
150802;0;85,1328;;
150803;0;53,4795;;
150804;0;139,858;;
150805;0;74,0487;;
150806;0;103,607;;
150807;0;91,6799;;
150808;0;80,0624;;
150809;0;95,0574;;
150810;0;98,1891;;
150811;0;60,4952;;
150812;0;176,089;;
150813;0;160,135;;
150814;0;45,0695;;
150815;0;26,1661;;
150816;0;26,4653;;
150817;0;62,1187;;
150818;0;73,5641;;
150819;0;111,095;;
150820;0;209,156;;
150821;0;149,042;;
150822;0;52,0737;;
150823;0;114,842;;
150824;0;119,658;;
150825;0;127,284;;
150826;0;63,1845;;
150827;0;112,032;;
150828;0;62,6492;;
150829;0;33,4521;;
150830;0;;;
150831;0;75,307;;
150901;0;99,8253;;
150902;0;33,4778;;
150903;0;40,3438;;
150904;0;30,0009;;
150905;0;24,3154;;
150906;0;32,4546;;
150907;0;37,3215;;
150908;0;87,1466;;
150909;0;39,2928;;
150910;0;39,4191;;
150911;0;37,472;;
150912;0;27,4474;;
150913;0;16,3008;;
150914;0;55,5007;;
150915;0;88,2974;;
150916;0;23,5835;;
150917;0;39,694;;
150918;0;21,4228;;
150919;0;35,6891;;
150920;0;36,5333;;
150921;0;80,9512;;
150922;0;166,637;;
150923;0;90,7091;;
150924;0;95,0386;;
150925;0;56,8887;;
150926;0;35,6933;;
150927;0;30,281;;
150928;0;48,3179;;
150929;0;67,7336;;
150930;0;39,949;;
151001;0;51,7635;;
151002;0;103,217;;
151003;0;154,825;;
151004;0;86,5847;;
151005;0;29,5944;;
151006;0;35,756;;
151007;0;26,6952;;
151008;0;44,5314;;
151009;0;74,6697;;
151010;0;83,9901;;
151011;0;50,6423;;
151012;0;50,8424;;
151013;0;28,854;;
151014;0;22,7908;;
151015;0;27,2045;;
151016;0;33,2918;;
151017;0;18,2224;;
151018;0;14,2748;;
151019;0;21,1943;;
151020;0;18,7452;;
151021;0;48,2849;;
151022;0;39,1627;;
151023;0;12,8013;;
151024;0;32,0375;;
151025;0;36,4169;;
151026;0;19,5148;;
151027;0;25,5451;;
151028;0;17,0079;;
151029;0;18,3002;;
151030;0;25,1282;;
151031;0;17,5493;;
151101;0;14,6954;;
151102;0;13,7457;;
151103;0;18,6242;;
151104;0;17,9101;;
151105;0;16,2337;;
151106;0;9,64832;;
151107;0;8,32541;;
151108;0;10,6383;;
151109;0;13,1723;;
151110;0;21,5842;;
151111;0;5,70541;;
151112;0;7,5107;;
151113;0;10,2617;;
151114;0;8,74149;;
151115;0;11,0084;;
151116;0;24,692;;
151117;0;35,4458;;
151118;0;25,3558;;
151119;0;25,1222;;
151120;0;18,4018;;
151121;0;25,5016;;
151122;0;18,0828;;
151123;0;11,9099;;
151124;0;15,2915;;
151125;0;15,2838;;
151126;0;12,8009;;
151127;0;14,1169;;
151128;0;13,5161;;
151129;0;7,34303;;
151130;0;12,1462;;
151201;0;25,7881;;
151202;0;12,1161;;
151203;0;6,20813;;
151204;0;9,34753;;
151205;0;14,5763;;
151206;0;12,8684;;
151207;0;11,1392;;
151208;0;11,1105;;
151209;0;10,5448;;
151210;0;7,56023;;
151211;0;9,51653;;
151212;0;11,2084;;
151213;0;12,1365;;
151214;0;18,2665;;
151215;0;8,68919;;
151216;0;18,9261;;
151217;0;19,0476;;
151218;0;18,8698;;
151219;0;8,49236;;
151220;0;11,8355;;
151221;0;13,6283;;
151222;0;13,6361;;
151223;0;12,8568;;
151224;0;17,8701;;
151225;0;12,434;;
151226;0;14,1544;;
151227;0;9,79344;;
151228;0;12,0571;;
151229;0;11,5225;;
151230;0;11,1748;;
151231;0;16,3737;;
160101;0;14,3651;;
160102;0;11,3112;;
160103;0;9,85782;;
160104;0;12,1772;;
160105;0;8,99065;;
160106;0;7,91899;;
160107;0;9,14186;;
160108;0;7,28262;;
160109;0;6,80078;;
160110;0;4,63291;;
160111;0;5,03041;;
160112;0;5,76115;;
160113;0;;;1,42317
160114;0;;;1,84608
160115;0;;;4,0922
160116;0;9,23499;;
160117;0;6,24566;;
160118;0;6,9337;;
160119;0;11,0329;;
160120;0;9,15057;;
160121;0;9,18024;;
160122;0;5,27316;;
160123;0;6,65445;;
160124;0;8,14841;;
160125;0;9,94069;;
160126;0;12,9963;;
160127;0;9,5894;;
160128;0;4,91533;;
160129;0;9,58461;;
160130;0;10,6983;;
160131;0;8,90385;;
160201;0;11,0219;;
160202;0;10,5829;;
160203;0;5,6337;;
160204;0;25,6621;;
160205;0;22,3922;;
160206;0;23,6941;;
160207;0;10,6464;;
160208;0;8,90662;;
160209;0;5,79153;;
160210;0;6,95203;;
160211;0;5,00404;;
160212;0;;;
160213;0;6,06153;;
160214;0;4,59187;;
160215;0;4,82807;;
160216;0;9,72398;;
160217;0;10,4232;;
160218;0;6,15775;;
160219;0;7,70512;;
160220;0;9,38536;;
160221;0;8,29074;;
160222;0;11,7833;;
160223;0;15,9445;;
160224;0;10,4337;;
160225;0;9,82303;;
160226;0;10,9736;;
160227;0;16,0058;;
160228;0;16,7811;;
160229;0;18,8192;;
160301;0;15,3988;;
160302;0;15,9727;;
160303;0;7,31911;;
160304;0;7,58633;;
160305;0;10,4187;;
160306;0;7,9957;;
160307;0;10,7229;;
160308;0;11,6648;;
160309;0;20,7763;;
160310;0;13,8382;;
160311;0;13,5088;;
160312;0;25,9566;;
160313;0;15,4509;;
160314;0;16,7195;;
160315;0;13,3211;;
160316;0;21,5654;;
160317;0;17,8622;;
160318;0;13,2129;;
160319;0;14,2876;;
160320;0;8,84032;;
160321;0;9,99815;;
160322;0;8,30524;;
160323;0;19,3488;;
160324;0;25,135;;
160325;0;56,4791;;
160326;0;50,052;;
160327;0;21,4205;;
160328;0;19,3256;;
160329;0;47,5059;;
160330;0;20,476;;
160331;0;24,3938;;
160401;0;38,499;;
160402;0;18,4641;;
160403;0;22,3102;;
160404;0;29,6023;;
160405;0;83,8269;;
160406;0;34,957;;
160407;0;33,1393;;
160408;0;54,2953;;
160409;0;119,084;;
160410;0;116,582;;
160411;0;132,069;;
160412;0;131,343;;
160413;0;51,7433;;
160414;0;51,3851;;
160415;0;29,14;;
160416;0;30,6314;;
160417;0;63,1454;;
160418;0;42,6104;;
160419;0;30,6065;;
160420;0;28,5875;;
160421;0;40,3696;;
160422;0;96,9698;;
160423;0;78,8507;;
160424;0;116,776;;
160425;0;210,888;;
160426;0;291,315;;
160427;0;316,786;;
160428;0;80,547;;
160429;0;251,88;;
160430;0;161,357;;
160501;0;247,542;;
160502;0;294,143;;
160503;0;249,553;;
160504;0;247,105;;
160505;0;227,695;;
160506;0;233,515;;
160507;0;174,72;;
160508;0;47,6912;;
160509;0;41,7599;;
160510;0;38,8416;;
160511;0;67,4541;;
160512;0;148,968;;
160513;0;125,489;;
160514;0;;;
160515;0;68,7667;;
160516;0;75,2787;;
160517;0;127,617;;
160518;0;47,895;;
160519;0;247,731;;
160520;0;417,528;;
160521;0;412,595;;
160522;0;397,281;;
160523;0;351,375;;
160524;0;328,783;;
160525;0;25,1346;;
160526;0;;;
160527;0;130,223;;
160528;0;352,554;;
160529;0;280,267;;
160530;0;216,052;;
160531;0;100,51;;
160601;0;164,422;;
160602;0;270,765;;
160603;0;259,099;;
160604;0;124,65;;
160605;0;30,9566;;
160606;0;40,5058;;
160607;0;56,0441;;
160608;0;66,4641;;
160609;0;147,41;;
160610;0;118,677;;
160611;0;86,3804;;
160612;0;156,402;;
160613;0;57,9908;;
160614;0;52,7695;;
160615;0;66,4537;;
160616;0;44,9626;;
160617;0;102,028;;
160618;0;169,148;;
160619;0;345,712;;
160620;0;323,708;;
160621;0;98,0216;;
160622;0;194,335;;
160623;0;114,552;;
160624;0;48,7462;;
160625;0;36,6279;;
160626;0;92,3342;;
160627;0;247,293;;
160628;0;174,065;;
160629;0;32,0771;;
160630;0;110,532;;
160701;0;116,537;;
160702;0;321,572;;
160703;0;126,676;;
160704;0;26,4904;;
160705;0;39,9083;;
160706;0;35,0825;;
160707;0;47,4655;;
160708;0;46,9425;;
160709;0;59,5796;;
160710;0;107,076;;
160711;0;108,628;;
160712;0;87,5747;;
160713;0;79,6729;;
160714;0;40,4475;;
160715;0;77,2329;;
160716;0;81,7462;;
160717;0;129,351;;
160718;0;133,64;;
160719;0;254,654;;
160720;0;110,317;;
160721;0;88,5262;;
160722;0;72,1635;;
160723;0;105,394;;
160724;0;180,303;;
160725;0;122,149;;
160726;0;219,196;;
160727;0;99,547;;
160728;0;148,652;;
160729;0;156,353;;
160730;0;196,372;;
160731;0;193,06;;
160801;0;235,369;;
160802;0;218,75;;
160803;0;149,107;;
160804;0;73,6777;;
160805;0;49,3675;;
160806;0;66,62;;
160807;0;48,8533;;
160808;0;27,4858;;
160809;0;37,5643;;
160810;0;71,7938;;
160811;0;46,1028;;
160812;0;102,459;;
160813;0;55,2963;;
160814;0;95,8995;;
160815;0;115,851;;
160816;0;163,984;;
160817;0;85,8004;;
160818;0;65,0195;;
160819;0;141,39;;
160820;0;52,1367;;
160821;0;21,26;;
160822;0;51,9758;;
160823;0;45,4333;;
160824;0;114,155;;
160825;0;121,792;;
160826;0;54,8033;;
160827;0;81,5392;;
160828;0;70,6525;;
160829;0;68,8374;;
160830;0;46,8851;;
160831;0;33,8475;;
160901;0;53,2883;;
160902;0;155,965;;
160903;0;190,658;;
160904;0;169,922;;
160905;0;86,0599;;
160906;0;59,46;;
160907;0;64,6232;;
160908;0;51,2029;;
160909;0;63,9766;;
160910;0;78,8655;;
160911;0;101,29;;
160912;0;33,2792;;
160913;0;32,9487;;
160914;0;34,9916;;
160915;0;29,2905;;
160916;0;57,3804;;
160917;0;94,0021;;
160918;0;68,77;;
160919;0;57,5808;;
160920;0;25,1167;;
160921;0;30,0409;;
160922;0;39,676;;
160923;0;65,7982;;
160924;0;129,508;;
160925;0;53,8446;;
160926;0;33,8333;;
160927;0;71,0504;;
160928;0;62,2125;;
160929;0;46,389;;
160930;0;47,3911;;
161001;0;31,0139;;
161002;0;79,3937;;
161003;0;70,7946;;
161004;0;45,7806;;
161005;0;32,5396;;
161006;0;23,771;;
161007;0;42,9691;;
161008;0;36,4017;;
161009;0;16,2583;;
161010;0;17,5413;;
161011;0;25,7582;;
161012;0;29,6557;;
161013;0;15,6648;;
161014;0;35,0493;;
161015;0;48,0792;;
161016;0;44,9163;;
161017;0;25,666;;
161018;0;56,218;;
161019;0;47,8585;;
161020;0;14,7381;;
161021;0;27,7504;;
161022;0;36,2719;;
161023;0;38,0016;;
161024;0;19,6685;;
161025;0;17,0613;;
161026;0;16,2613;;
161027;0;16,144;;
161028;0;14,5285;;
161029;0;9,88142;;
161030;0;10,9012;;
161031;0;17,9734;;
161101;0;10,2268;;
161102;0;11,6938;;
161103;0;19,3687;;
161104;0;38,8835;;
161105;0;20,8942;;
161106;0;20,4941;;
161107;0;25,4065;;
161108;0;29,3818;;
161109;0;12,2475;;
161110;0;15,112;;
161111;0;15,0113;;
161112;0;11,4501;;
161113;0;17,9181;;
161114;0;23,0045;;
161115;0;33,664;;
161116;0;27,4267;;
161117;0;17,6877;;
161118;0;15,5615;;
161119;0;11,0742;;
161120;0;28,0459;;
161121;0;18,8731;;
161122;0;14,3299;;
161123;0;5,41391;;
161124;0;6,22342;;
161125;0;8,80458;;
161126;0;9,85083;;
161127;0;6,33016;;
161128;0;9,35733;;
161129;0;6,52692;;
161130;0;6,21616;;
161201;0;7,31996;;
161202;0;10,8795;;
161203;0;17,7292;;
161204;0;24,8012;;
161205;0;11,0362;;
161206;0;8,79088;;
161207;0;7,8605;;
161208;0;5,39662;;
161209;0;8,85463;;
161210;0;7,29874;;
161211;0;9,37921;;
161212;0;10,1122;;
161213;0;12,6535;;
161214;0;11,7574;;
161215;0;7,51737;;
161216;0;10,6936;;
161217;0;7,67075;;
161218;0;5,69296;;
161219;0;8,23462;;
161220;0;15,5596;;
161221;0;9,75008;;
161222;0;8,44713;;
161223;0;10,004;;
161224;0;24,0487;;
161225;0;16,41;;
161226;0;8,35278;;
161227;0;6,00958;;
161228;0;5,49481;;
161229;0;;;
161230;0;8,786;;
161231;0;13,1584;;
170101;0;18,5658;;
170102;0;19,0216;;
170103;0;11,7075;;
170104;0;16,3164;;
170105;0;14,3792;;
170106;0;26,7721;;
170107;0;;;6,96891
170108;0;;;2,01079
170109;0;;;2,05233
170110;0;;;5,39074
170111;0;11,7488;;
170112;0;20,4847;;
170113;0;10,8463;;
170114;0;9,69337;;
170115;0;7,29166;;
170116;0;16,1413;;
170117;0;10,047;;
170118;0;12,894;;
170119;0;7,57141;;
170120;0;5,986;;
170121;0;10,0406;;
170122;0;12,0271;;
170123;0;14,78;;
170124;0;9,37524;;
170125;0;6,59525;;
170126;0;5,43925;;
170127;0;8,89946;;
170128;0;10,6025;;
170129;0;8,94279;;
170130;0;12,7076;;
170131;0;15,231;;
170201;0;8,88896;;
170202;0;9,18515;;
170203;0;9,84805;;
170204;0;13,0919;;
170205;0;8,76329;;
170206;0;12,2083;;
170207;0;8,05875;;
170208;0;9,05621;;
170209;0;10,4159;;
170210;0;6,981;;
170211;0;7,47421;;
170212;0;11,2977;;
170213;0;7,77788;;
170214;0;9,4492;;
170215;0;6,722;;
170216;0;13,443;;
170217;0;14,3703;;
170218;0;20,1853;;
170219;0;18,9261;;
170220;0;18,747;;
170221;0;16,1692;;
170222;0;9,07286;;
170223;0;8,34924;;
170224;0;9,0405;;
170225;0;10,2658;;
170226;0;8,1347;;
170227;0;8,42992;;
170228;0;11,6402;;
170301;0;15,7308;;
170302;0;13,7151;;
170303;0;16,9238;;
170304;0;16,6253;;
170305;0;20,0259;;
170306;0;36,0949;;
170307;0;46,0358;;
170308;0;23,6517;;
170309;0;16,2812;;
170310;0;19,3031;;
170311;0;14,5654;;
170312;0;10,552;;
170313;0;18,3756;;
170314;0;16,3058;;
170315;0;19,6328;;
170316;0;27,2209;;
170317;0;22,1586;;
170318;0;19,1902;;
170319;0;9,88696;;
170320;0;16,181;;
170321;0;12,0742;;
170322;0;32,508;;
170323;0;21,3886;;
170324;0;22,2487;;
170325;0;51,9654;;
170326;0;58,7925;;
170327;0;39,6138;;
170328;0;79,7362;;
170329;0;50,79;;
170330;0;;;
170331;0;35,1492;;
170401;0;69,4873;;
170402;0;52,8642;;
170403;0;21,2615;;
170404;0;27,914;;
170405;0;26,3425;;
170406;0;56,1497;;
170407;0;;;
170408;0;;;
170409;0;32,8754;;
170410;0;31,3768;;
170411;0;63,4458;;
170412;0;186,141;;
170413;0;263,08;;
170414;0;153,356;;
170415;0;111,325;;
170416;0;216,535;;
170417;0;151,499;;
170418;0;46,475;;
170419;0;25,184;;
170420;0;30,9559;;
170421;0;28,5354;;
170422;0;36,0388;;
170423;0;32,8998;;
170424;0;59,0421;;
170425;0;43,4196;;
170426;0;41,9359;;
170427;0;37,6054;;
170428;0;19,0061;;
170429;0;31,9293;;
170430;0;15,3655;;
170501;0;51;;
170502;0;34;;
170503;0;73;;
170504;0;39;;
170505;0;141;;
170506;0;150;;
170507;0;82;;
170508;0;90;;
170509;0;177;;
170510;0;299;;
170511;0;200;;
170512;0;196;;
170513;0;139;;
170514;0;35;;
170515;0;77;;
170516;0;117;;
170517;0;87;;
170518;0;120;;
170519;0;54;;
170520;0;36;;
170521;0;34;;
170522;0;44;;
170523;0;49;;
170524;0;77;;
170525;0;51;;
170526;0;65;;
170527;0;35;;
170528;0;84;;
170529;0;188;;
170530;0;216;;
170531;0;118;;
170601;0;64;;
170602;0;83;;
170603;0;63;;
170604;0;69;;
170605;0;44;;
170606;0;37;;
170607;0;82;;
170608;0;29;;
170609;0;25;;
170610;0;44;;
170611;0;29;;
170612;0;63;;
170613;0;80;;
170614;0;122;;
170615;0;154;;
170616;0;168;;
170617;0;222;;
170618;0;68;;
170619;0;106;;
170620;0;176;;
170621;0;184;;
170622;0;113;;
170623;0;167;;
170624;0;136;;
170625;0;138;;
170626;0;122;;
170627;0;224;;
170628;0;106;;
170629;0;118;;
170630;0;247;;
170701;0;120;;
170702;0;245;;
170703;0;174;;
170704;0;155;;
170705;0;214;;
170706;0;46;;
170707;0;117;;
170708;0;155;;
170709;0;61;;
170710;0;58;;
170711;0;69;;
170712;0;107;;
170713;0;84;;
170714;0;207;;
170715;0;231;;
170716;0;54;;
170717;0;45;;
170718;0;34;;
170719;0;60;;
170720;0;67;;
170721;0;110;;
170722;0;112;;
170723;0;48;;
170724;0;39;;
170725;0;48;;
170726;0;101;;
170727;0;76;;
170728;0;49;;
170729;0;80;;
170730;0;137;;
170731;0;60;;
170801;0;30;;
170802;0;25;;
170803;0;51;;
170804;0;110;;
170805;0;132;;
170806;0;90;;
170807;0;83;;
170808;0;182;;
170809;0;197;;
170810;0;134;;
170811;0;90;;
170812;0;57;;
170813;0;49;;
170814;0;36;;
170815;0;34;;
170816;0;39;;
170817;0;96;;
170818;0;66;;
170819;0;51;;
170820;0;18;;
170821;0;89;;
170822;0;52;;
170823;0;113;;
170824;0;55;;
170825;0;76;;
170826;0;81;;
170827;0;114;;
170828;0;211;;
170829;0;56;;
170830;0;;;
170831;0;;;
170901;0;;;
170902;0;;;
170903;0;;;
170904;0;;;
170905;0;;;
170906;0;;;
170907;0;;;
170908;0;;;
170909;0;50;;
170910;0;34;;
170911;0;30;;
170912;0;19;;
170913;0;40;;
170914;0;26;;
170915;0;16;;
170916;0;16;;
170917;0;27;;
170918;0;36;;
170919;0;21;;
170920;0;16;;
170921;0;17;;
170922;0;28;;
170923;0;23;;
170924;0;28;;
170925;0;40;;
170926;0;47;;
170927;0;40;;
170928;0;67;;
170929;0;60;;
170930;0;27;;
171001;0;14;;
171002;0;31;;
171003;0;52;;
171004;0;30;;
171005;0;29;;
171006;0;15;;
171007;0;20;;
171008;0;46;;
171009;0;25;;
171010;0;59;;
171011;0;42;;
171012;0;27;;
171013;0;15;;
171014;0;11;;
171015;0;15;;
171016;0;17;;
171017;0;24;;
171018;0;23;;
171019;0;20;;
171020;0;34;;
171021;0;22;;
171022;0;28;;
171023;0;26;;
171024;0;22;;
171025;0;16;;
171026;0;16;;
171027;0;19;;
171028;0;17;;
171029;0;23;;
171030;0;17;;
171031;0;48;;
171101;0;18;;
171102;0;19;;
171103;0;28;;
171104;0;23;;
171105;0;27;;
171106;0;18;;
171107;0;23;;
171108;0;29;;
171109;0;18;;
171110;0;20;;
171111;0;22;;
171112;0;15;;
171113;0;15;;
171114;0;14;;
171115;0;12;;
171116;0;12;;
171117;0;14;;
171118;0;15;;
171119;0;17;;
171120;0;16;;
171121;0;20;;
171122;0;13;;
171123;0;15;;
171124;0;12;;
171125;0;11;;
171126;0;19;;
171127;0;13;;
171128;0;8;;
171129;0;12;;
171130;0;18;;
171201;0;15;;
171202;0;13;;
171203;0;9;;
171204;0;8;;
171205;0;6;;
171206;0;7;;
171207;0;10;;
171208;0;9;;
171209;0;9;;
171210;0;7;;
171211;0;7;;
171212;0;5;;
171213;0;8;;
171214;0;10;;
171215;0;15;;
171216;0;13;;
171217;0;10;;
171218;0;11;;
171219;0;11;;
171220;0;13;;
171221;0;24;;
171222;0;18;;
171223;0;12;;
171224;0;10;;
171225;0;;;
171226;0;8;;
171227;0;15;;
171228;0;9;;
171229;0;11;;
171230;0;11;;
171231;0;13;;
180101;0;12;;
180102;0;9;;
180103;0;12;;
180104;0;14;;
180105;0;10;;
180106;0;10;;
180107;0;7;;
180108;0;6;;
180109;0;6;;
180110;0;7;;
180111;0;5;;
180112;0;9;;
180113;0;10;;
180114;0;7;;
180115;0;9;;
180116;0;7;;
180117;0;8;;
180118;0;7;;
180119;0;;;6
180120;0;;;3
180121;0;;;2
180122;0;;;3
180123;0;10;;
180124;0;9;;
180125;0;7;;
180126;0;6;;
180127;0;6;;
180128;0;6;;
180129;0;5;;
180130;0;9;;
180131;0;7;;
180201;0;5;;
180202;0;4;;
180203;0;7;;
180204;0;4;;
180205;0;5;;
180206;0;8;;
180207;0;8;;
180208;0;14;;
180209;0;16;;
180210;0;16;;
180211;0;16;;
180212;0;5;;
180213;0;4;;
180214;0;8;;
180215;0;4;;
180216;0;5;;
180217;0;6;;
180218;0;7;;
180219;0;11;;
180220;0;10;;
180221;0;13;;
180222;0;8;;
180223;0;11;;
180224;0;7;;
180225;0;4;;
180226;0;6;;
180227;0;8;;
180228;0;4;;
180301;0;5;;
180302;0;6;;
180303;0;16;;
180304;0;19;;
180305;0;7;;
180306;0;7;;
180307;0;12;;
180308;0;10;;
180309;0;17;;
180310;0;13;;
180311;0;13;;
180312;0;16;;
180313;0;19;;
180314;0;21;;
180315;0;20;;
180316;0;32;;
180317;0;28;;
180318;0;11;;
180319;0;30;;
180320;0;95;;
180321;0;71;;
180322;0;20;;
180323;0;34;;
180324;0;34;;
180325;0;16;;
180326;0;22;;
180327;0;25;;
180328;0;20;;
180329;0;20;;
180330;0;12;;
180331;0;18;;
180401;0;13;;
180402;0;17;;
180403;0;35;;
180404;0;28;;
180405;0;26;;
180406;0;39;;
180407;0;41;;
180408;0;54;;
180409;0;59;;
180410;0;30;;
180411;0;35;;
180412;0;41;;
180413;0;67;;
180414;0;30;;
180415;0;30;;
180416;0;28;;
180417;0;15;;
180418;0;18;;
180419;0;33;;
180420;0;29;;
180421;0;31;;
180422;0;27;;
180423;0;25;;
180424;0;38;;
180425;0;86;;
180426;0;39;;
180427;0;45;;
180428;0;43;;
180429;0;49;;
180430;0;122;;
180501;0;62;;
180502;0;77;;
180503;0;27;;
180504;0;76;;
180505;0;139;;
180506;0;217;;
180507;0;151;;
180508;0;26;;
180509;0;26;;
180510;0;;;
180511;0;52;;
180512;0;109;;
180513;0;95;;
180514;0;61;;
180515;0;105;;
180516;0;69;;
180517;0;97;;
180518;0;120;;
180519;0;56;;
180520;0;36;;
180521;0;19;;
180522;0;32;;
180523;0;36;;
180524;0;38;;
180525;0;78;;
180526;0;27;;
180527;0;110;;
180528;0;48;;
180529;0;57;;
180530;0;47;;
180531;0;36;;
180601;0;211;;
180602;0;405;;
180603;0;321;;
180604;0;169;;
180605;0;127;;
180606;0;93;;
180607;0;137;;
180608;0;67;;
180609;0;172;;
180610;0;306;;
180611;0;210;;
180612;0;350;;
180613;0;261;;
180614;0;239;;
180615;0;90;;
180616;0;76;;
180617;0;107;;
180618;0;85;;
180619;0;38;;
180620;0;52;;
180621;0;39;;
180622;0;68;;
180623;0;84;;
180624;0;36;;
180625;0;63;;
180626;0;57;;
180627;0;66;;
180628;0;59;;
180629;0;53;;
180630;0;100;;
180701;0;91;;
180702;0;207;;
180703;0;370;;
180704;0;224;;
180705;0;126;;
180706;0;205;;
180707;0;286;;
180708;0;264;;
180709;0;373;;
180710;0;119;;
180711;0;83;;
180712;0;60;;
180713;0;78;;
180714;0;78;;
180715;0;96;;
180716;0;58;;
180717;0;110;;
180718;0;45;;
180719;0;53;;
180720;0;89;;
180721;0;65;;
180722;0;53;;
180723;0;37;;
180724;0;94;;
180725;0;111;;
180726;0;370;;
180727;0;116;;
180728;0;37;;
180729;0;29;;
180730;0;41;;
180731;0;23;;
180801;0;84;;
180802;0;206;;
180803;0;34;;
180804;0;51;;
180805;0;38;;
180806;0;90;;
180807;0;76;;
180808;0;147;;
180809;0;132;;
180810;0;133;;
180811;0;217;;
180812;0;177;;
180813;0;83;;
180814;0;29;;
180815;0;26;;
180816;0;31;;
180817;0;48;;
180818;0;51;;
180819;0;43;;
180820;0;107;;
180821;0;93;;
180822;0;99;;
180823;0;32;;
180824;0;48;;
180825;0;46;;
180826;0;26;;
180827;0;25;;
180828;0;55;;
180829;0;60;;
180830;0;134;;
180831;0;218;;
180901;0;75;;
180902;0;30;;
180903;0;70;;
180904;0;;;
180905;0;91;;
180906;0;26;;
180907;0;27;;
180908;0;30;;
180909;0;60;;
180910;0;55;;
180911;0;24;;
180912;0;18;;
180913;0;15;;
180914;0;19;;
180915;0;26;;
180916;0;37;;
180917;0;27;;
180918;0;31;;
180919;0;33;;
180920;0;43;;
180921;0;30;;
180922;0;35;;
180923;0;26;;
180924;0;55;;
180925;0;55;;
180926;0;35;;
180927;0;57;;
180928;0;35;;
180929;0;43;;
180930;0;33;;
181001;0;25;;
181002;0;21;;
181003;0;37;;
181004;0;23;;
181005;0;60;;
181006;0;25;;
181007;0;29;;
181008;0;27;;
181009;0;28;;
181010;0;26;;
181011;0;23;;
181012;0;17;;
181013;0;11;;
181014;0;13;;
181015;0;20;;
181016;0;86;;
181017;0;53;;
181018;0;19;;
181019;0;21;;
181020;0;40;;
181021;0;22;;
181022;0;40;;
181023;0;83;;
181024;0;47;;
181025;0;21;;
181026;0;18;;
181027;0;17;;
181028;0;14;;
181029;0;9;;
181030;0;25;;
181031;0;42;;
181101;0;28;;
181102;0;20;;
181103;0;15;;
181104;0;15;;
181105;0;31;;
181106;0;30;;
181107;0;22;;
181108;0;18;;
181109;0;32;;
181110;0;29;;
181111;0;16;;
181112;0;10;;
181113;0;9;;
181114;0;12;;
181115;0;12;;
181116;0;11;;
181117;0;9;;
181118;0;;;
181119;0;;;
181120;0;22;;
181121;0;32;;
181122;0;13;;
181123;0;10;;
181124;0;11;;
181125;0;17;;
181126;0;13;;
181127;0;9;;
181128;0;7;;
181129;0;8;;
181130;0;11;;
181201;0;13;;
181202;0;8;;
181203;0;9;;
181204;0;7;;
181205;0;14;;
181206;0;7;;
181207;0;6;;
181208;0;5;;
181209;0;4;;
181210;0;7;;
181211;0;7;;
181212;0;7;;
181213;0;10;;
181214;0;9;;
181215;0;6;;
181216;0;8;;
181217;0;11;;
181218;0;7;;
181219;0;6;;
181220;0;5;;
181221;0;6;;
181222;0;8;;
181223;0;7;;
181224;0;9;;
181225;0;9;;
181226;0;7;;
181227;0;5;;
181228;0;6;;
181229;0;10;;
181230;0;6;;
181231;0;13;;
190101;0;16;;
190102;0;11;;
190103;0;5;;
190104;0;6;;
190105;0;7;;
190106;0;8;;
190107;0;16;;
190108;0;14;;
190109;0;15;;
190110;0;13;;
190111;0;12;;
190112;0;15;;
190113;0;12;;
190114;0;5;;
190115;0;11;;
190116;0;15;;
190117;0;8;;
190118;0;5;;
190119;0;5;;
190120;0;5;;
190121;0;13;;
190122;0;;;5
190123;0;;;2
190124;0;;;3
190125;0;;;10
190126;0;12;;
190127;0;6;;
190128;0;3;;
190129;0;9;;
190130;0;9;;
190131;0;8;;
190201;0;9;;
190202;0;15;;
190203;0;15;;
190204;0;15;;
190205;0;11;;
190206;0;13;;
190207;0;12;;
190208;0;11;;
190209;0;9;;
190210;0;14;;
190211;0;14;;
190212;0;14;;
190213;0;11;;
190214;0;8;;
190215;0;8;;
190216;0;11;;
190217;0;9;;
190218;0;10;;
190219;0;11;;
190220;0;15;;
190221;0;19;;
190222;0;25;;
190223;0;11;;
190224;0;24;;
190225;0;30;;
190226;0;20;;
190227;0;18;;
190228;0;25;;
190301;0;17;;
190302;0;;;
190303;0;18;;
190304;0;16;;
190305;0;21;;
190306;0;23;;
190307;0;25;;
190308;0;16;;
190309;0;17;;
190310;0;20;;
190311;0;11;;
190312;0;20;;
190313;0;26;;
190314;0;23;;
190315;0;27;;
190316;0;17;;
190317;0;12;;
190318;0;22;;
190319;0;44;;
190320;0;23;;
190321;0;25;;
190322;0;16;;
190323;0;15;;
190324;0;16;;
190325;0;46;;
190326;0;58;;
190327;0;38;;
190328;0;27;;
190329;0;17;;
190330;0;28;;
190331;0;13;;
190401;0;17;;
190402;0;11;;
190403;0;15;;
190404;0;14;;
190405;0;14;;
190406;0;17;;
190407;0;24;;
190408;0;17;;
190409;0;26;;
190410;0;18;;
190411;0;13;;
190412;0;26;;
190413;0;26;;
190414;0;20;;
190415;0;16;;
190416;0;44;;
190417;0;26;;
190418;0;27;;
190419;0;31;;
190420;0;17;;
190421;0;49;;
190422;0;47;;
190423;0;90;;
190424;0;191;;
190425;0;204;;
190426;0;72;;
190427;0;64;;
190428;0;29;;
190429;0;25;;
190430;0;29;;
190501;0;54;;
190502;0;46;;
190503;0;101;;
190504;0;63;;
190505;0;24;;
190506;0;44;;
190507;0;65;;
190508;0;132;;
190509;0;51;;
190510;0;30;;
190511;0;15;;
190512;0;23;;
190513;0;57;;
190514;0;81;;
190515;0;;;55
190516;0;;;
190517;0;;15;
190518;0;;9;
190519;0;;12;
190520;0;;11;
190521;0;;7;
190522;0;;8;
190523;0;;;7
190524;0;;;
190525;0;38;;
190526;0;54;;
190527;0;96;;
190528;0;140;;
190529;0;135;;
190530;0;98;;
190531;0;126;;
190601;0;159;;
190602;0;102;;
190603;0;151;;
190604;0;113;;
190605;0;87;;
190606;0;38;;
190607;0;26;;
190608;0;63;;
190609;0;48;;
190610;0;56;;
190611;0;61;;
190612;0;123;;
190613;0;71;;
190614;0;82;;
190615;0;82;;
190616;0;80;;
190617;0;109;;
190618;0;88;;
190619;0;72;;
190620;0;164;;
190621;0;83;;
190622;0;47;;
190623;0;53;;
190624;0;43;;
190625;0;42;;
190626;0;54;;
190627;0;132;;
190628;0;138;;
190629;0;91;;
190630;0;75;;
190701;0;55;;
190702;0;81;;
190703;0;111;;
190704;0;182;;
190705;0;33;;
190706;0;138;;
190707;0;259;;
190708;0;164;;
190709;0;216;;
190710;0;142;;
190711;0;199;;
190712;0;214;;
190713;0;175;;
190714;0;95;;
190715;0;53;;
190716;0;106;;
190717;0;108;;
190718;0;54;;
190719;0;49;;
190720;0;79;;
190721;0;64;;
190722;0;44;;
190723;0;47;;
190724;0;43;;
190725;0;85;;
190726;0;35;;
190727;0;70;;
190728;0;126;;
190729;0;156;;
190730;0;66;;
190731;0;69;;
190801;0;45;;
190802;0;31;;
190803;0;24;;
190804;0;38;;
190805;0;82;;
190806;0;27;;
190807;0;62;;
190808;0;62;;
190809;0;24;;
190810;0;80;;
190811;0;44;;
190812;0;51;;
190813;0;118;;
190814;0;102;;
190815;0;78;;
190816;0;78;;
190817;0;51;;
190818;0;118;;
190819;0;158;;
190820;0;29;;
190821;0;45;;
190822;0;94;;
190823;0;92;;
190824;0;66;;
190825;0;74;;
190826;0;34;;
190827;0;77;;
190828;0;44;;
190829;0;30;;
190830;0;28;;
190831;0;61;;
190901;0;46;;
190902;0;75;;
190903;0;39;;
190904;0;46;;
190905;0;60;;
190906;0;128;;
190907;0;76;;
190908;0;36;;
190909;0;103;;
190910;0;99;;
190911;0;29;;
190912;0;35;;
190913;0;53;;
190914;0;26;;
190915;0;30;;
190916;0;15;;
190917;0;14;;
190918;0;27;;
190919;0;17;;
190920;0;19;;
190921;0;23;;
190922;0;22;;
190923;0;14;;
190924;0;14;;
190925;0;23;;
190926;0;79;;
190927;0;56;;
190928;0;23;;
190929;0;21;;
190930;0;27;;
191001;0;36;;
191002;0;50;;
191003;0;32;;
191004;0;18;;
191005;0;23;;
191006;0;27;;
191007;0;16;;
191008;0;15;;
191009;0;15;;
191010;0;38;;
191011;0;26;;
191012;0;17;;
191013;0;20;;
191014;0;33;;
191015;0;24;;
191016;0;27;;
191017;0;13;;
191018;0;16;;
191019;0;14;;
191020;0;18;;
191021;0;26;;
191022;0;24;;
191023;0;30;;
191024;0;20;;
191025;0;17;;
191026;0;13;;
191027;0;28;;
191028;0;46;;
191029;0;19;;
191030;0;20;;
191031;0;23;;
191101;0;15;;
191102;0;8;;
191103;0;13;;
191104;0;15;;
191105;0;10;;
191106;0;14;;
191107;0;15;;
191108;0;19;;
191109;0;12;;
191110;0;11;;
191111;0;13;;
191112;0;7;;
191113;0;8;;
191114;0;11;;
191115;0;11;;
191116;0;14;;
191117;0;16;;
191118;0;11;;
191119;0;16;;
191120;0;17;;
191121;0;15;;
191122;0;23;;
191123;0;24;;
191124;0;9;;
191125;0;16;;
191126;0;15;;
191127;0;13;;
191128;0;14;;
191129;0;13;;
191130;0;17;;
191201;0;15;;
191202;0;13;;
191203;0;14;;
191204;0;10;;
191205;0;12;;
191206;0;16;;
191207;0;9;;
191208;0;6;;
191209;0;7;;
191210;0;14;;
191211;0;13;;
191212;0;12;;
191213;0;10;;
191214;0;10;;
191215;0;9;;
191216;0;11;;
191217;0;12;;
191218;0;14;;
191219;0;13;;
191220;0;12;;
191221;0;9;;
191222;0;16;;
191223;0;13;;
191224;0;15;;
191225;0;9;;
191226;0;15;;
191227;0;8;;
191228;0;15;;
191229;0;13;;
191230;0;9;;
191231;0;21;;
200101;0;14;;
200102;0;6;;
200103;0;5;;
200104;0;7;;
200105;0;8;;
200106;0;10;;
200107;0;14;;
200108;0;16;;
200109;0;14;;
200110;0;10;;
200111;0;8;;
200112;0;5;;
200113;0;7;;
200114;0;11;;
200115;0;9;;
200116;0;9;;
200117;0;6;;
200118;0;7;;
200119;0;5;;
200120;0;5;;
200121;0;;;4
200122;0;;;
200123;0;;;
200124;0;;;7
200125;0;5;;
200126;0;6;;
200127;0;7;;
200128;0;10;;
200129;0;10;;
200130;0;5;;
200131;0;5;;
200201;0;10;;
200202;0;10;;
200203;0;13;;
200204;0;15;;
200205;0;23;;
200206;0;28;;
200207;0;27;;
200208;0;22;;
200209;0;13;;
200210;0;7;;
200211;0;6;;
200212;0;7;;
200213;0;9;;
200214;0;9;;
200215;0;11;;
200216;0;9;;
200217;0;11;;
200218;0;12;;
200219;0;12;;
200220;0;16;;
200221;0;26;;
200222;0;17;;
200223;0;5;;
200224;0;8;;
200225;0;9;;
200226;0;10;;
200227;0;7;;
200228;0;10;;
200229;0;7;;
200301;0;4;;
200302;0;5;;
200303;0;13;;
200304;0;9;;
200305;0;12;;
200306;0;11;;
200307;0;9;;
200308;0;9;;
200309;0;21;;
200310;0;;;
200311;0;10;;
200312;0;32;;
200313;0;16;;
200314;0;12;;
200315;0;12;;
200316;0;11;;
200317;0;18;;
200318;0;9;;
200319;0;12;;
200320;0;10;;
200321;0;16;;
200322;0;18;;
200323;0;14;;
200324;0;19;;
200325;0;23;;
200326;0;13;;
200327;0;14;;
200328;0;27;;
200329;0;36;;
200330;0;50;;
200331;0;28;;
200401;0;27;;
200402;0;31;;
200403;0;17;;
200404;0;12;;
200405;0;31;;
200406;0;38;;
200407;0;47;;
200408;0;78;;
200409;0;31;;
200410;0;23;;
200411;0;17;;
200412;0;25;;
200413;0;41;;
200414;0;40;;
200415;0;53;;
200416;0;36;;
200417;0;31;;
200418;0;44;;
200419;0;26;;
200420;0;40;;
200421;0;58;;
200422;0;149;;
200423;0;92;;
200424;0;61;;
200425;0;46;;
200426;0;83;;
200427;0;86;;
200428;0;74;;
200429;0;43;;
200430;0;62;;
200501;0;105;;
200502;0;97;;
200503;0;87;;
200504;0;94;;
200505;0;81;;
200506;0;44;;
200507;0;40;;
200508;0;75;;
200509;0;38;;
200510;0;45;;
200511;0;21;;
200512;0;88;;
200513;0;60;;
200514;0;62;;
200515;0;35;;
200516;0;34;;
200517;0;58;;
200518;0;32;;
200519;0;136;;
200520;0;119;;
200521;0;125;;
200522;0;68;;
200523;0;58;;
200524;0;44;;
200525;0;82;;
200526;0;55;;
200527;0;44;;
200528;0;105;;
200529;0;81;;
200530;0;55;;
200531;0;81;;
200601;0;43;;
200602;0;63;;
200603;0;44;;
200604;0;27;;
200605;0;77;;
200606;0;65;;
200607;0;55;;
200608;0;30;;
200609;0;36;;
200610;0;41;;
200611;0;74;;
200612;0;85;;
200613;0;96;;
200614;0;166;;
200615;0;275;;
200616;0;232;;
200617;0;151;;
200618;0;79;;
200619;0;38;;
200620;0;58;;
200621;0;71;;
200622;0;97;;
200623;0;182;;
200624;0;110;;
200625;0;89;;
200626;0;56;;
200627;0;35;;
200628;0;27;;
200629;0;59;;
200630;0;109;;
200701;0;95;;
200702;0;153;;
200703;0;159;;
200704;0;143;;
200705;0;110;;
200706;0;237;;
200707;0;175;;
200708;0;56;;
200709;0;94;;
200710;0;54;;
200711;0;64;;
200712;0;59;;
200713;0;63;;
200714;0;118;;
200715;0;107;;
200716;0;102;;
200717;0;212;;
200718;0;168;;
200719;0;200;;
200720;0;94;;
200721;0;31;;
200722;0;48;;
200723;0;114;;
200724;0;55;;
200725;0;110;;
200726;0;71;;
200727;0;84;;
200728;0;68;;
200729;0;89;;
200730;0;179;;
200731;0;183;;
200801;0;68;;
200802;0;87;;
200803;0;53;;
200804;0;75;;
200805;0;100;;
200806;0;46;;
200807;0;76;;
200808;0;70;;
200809;0;61;;
200810;0;31;;
200811;0;25;;
200812;0;19;;
200813;0;37;;
200814;0;37;;
200815;0;17;;
200816;0;18;;
200817;0;27;;
200818;0;85;;
200819;0;46;;
200820;0;20;;
200821;0;23;;
200822;0;22;;
200823;0;28;;
200824;0;48;;
200825;0;57;;
200826;0;45;;
200827;0;33;;
200828;0;33;;
200829;0;18;;
200830;0;27;;
200831;0;98;;
200901;0;129;;
200902;0;59;;
200903;0;26;;
200904;0;42;;
200905;0;45;;
200906;0;60;;
200907;0;69;;
200908;0;30;;
200909;0;38;;
200910;0;31;;
200911;0;24;;
200912;0;27;;
200913;0;20;;
200914;0;12;;
200915;0;37;;
200916;0;34;;
200917;0;17;;
200918;0;23;;
200919;0;29;;
200920;0;75;;
200921;0;36;;
200922;0;18;;
200923;0;23;;
200924;0;16;;
200925;0;15;;
200926;0;17;;
200927;0;15;;
200928;0;16;;
200929;0;26;;
200930;0;14;;
201001;0;28;;
201002;0;38;;
201003;0;52;;
201004;0;18;;
201005;0;14;;
201006;0;18;;
201007;0;13;;
201008;0;14;;
201009;0;14;;
201010;0;13;;
201011;0;15;;
201012;0;10;;
201013;0;12;;
201014;0;19;;
201015;0;17;;
201016;0;13;;
201017;0;13;;
201018;0;14;;
201019;0;19;;
201020;0;23;;
201021;0;22;;
201022;0;37;;
201023;0;26;;
201024;0;15;;
201025;0;11;;
201026;0;13;;
201027;0;17;;
201028;0;19;;
201029;0;17;;
201030;0;10;;
201031;0;16;;
201101;0;10;;
201102;0;14;;
201103;0;8;;
201104;0;11;;
201105;0;11;;
201106;0;10;;
201107;0;10;;
201108;0;8;;
201109;0;8;;
201110;0;9;;
201111;0;9;;
201112;0;8;;
201113;0;8;;
201114;0;8;;
201115;0;10;;
201116;0;7;;
201117;0;7;;
201118;0;9;;
201119;0;8;;
201120;0;7;;
201121;0;11;;
201122;0;10;;
201123;0;12;;
201124;0;11;;
201125;0;13;;
201126;0;11;;
201127;0;12;;
201128;0;12;;
201129;0;9;;
201130;0;8;;
201201;0;8;;
201202;0;9;;
201203;0;13;;
201204;0;9;;
201205;0;7;;
201206;0;4;;
201207;0;5;;
201208;0;7;;
201209;0;9;;
201210;0;9;;
201211;0;10;;
201212;0;10;;
201213;0;12;;
201214;0;11;;
201215;0;11;;
201216;0;10;;
201217;0;7;;
201218;0;8;;
201219;0;9;;
201220;0;5;;
201221;0;10;;
201222;0;10;;
201223;0;9;;
201224;0;12;;
201225;0;12;;
201226;0;5;;
201227;0;4;;
201228;0;7;;
201229;0;13;;
201230;0;9;;
201231;0;14;;
210101;0;9;;
210102;0;9;;
210103;0;9;;
210104;0;9;;
210105;0;6;;
210106;0;6;;
210107;0;8;;
210108;0;6;;
210109;0;12;;
210110;0;16;;
210111;0;11;;
210112;0;11;;
210113;0;10;;
210114;0;8;;
210115;0;14;;
210116;0;9;;
210117;0;5;;
210118;0;8;;
210119;0;4;;
210120;0;6;;
210121;0;5;;
210122;0;;;5
210123;0;;;5
210124;0;;;5
210125;0;;;6
210126;0;9;;
210127;0;11;;
210128;0;10;;
210129;0;9;;
210130;0;18;;
210131;0;9;;
210201;0;4;;
210202;0;5;;
210203;0;6;;
210204;0;6;;
210205;0;6;;
210206;0;14;;
210207;0;9;;
210208;0;8;;
210209;0;8;;
210210;0;9;;
210211;0;6;;
210212;0;8;;
210213;0;5;;
210214;0;7;;
210215;0;9;;
210216;0;4;;
210217;0;6;;
210218;0;10;;
210219;0;11;;
210220;0;7;;
210221;0;9;;
210222;0;8;;
210223;0;6;;
210224;0;5;;
210225;0;4;;
210226;0;7;;
210227;0;6;;
210228;0;8;;
210301;0;5;;
210302;0;11;;
210303;0;11;;
210304;0;11;;
210305;0;7;;
210306;0;4;;
210307;0;10;;
210308;0;13;;
210309;0;22;;
210310;0;16;;
210311;0;11;;
210312;0;9;;
210313;0;10;;
210314;0;20;;
210315;0;9;;
210316;0;20;;
210317;0;50;;
210318;0;29;;
210319;0;12;;
210320;0;11;;
210321;0;12;;
210322;0;11;;
210323;0;12;;
210324;0;19;;
210325;0;21;;
210326;0;14;;
210327;0;11;;
210328;0;12;;
210329;0;15;;
210330;0;7;;
210331;0;15;;
210401;0;23;;
210402;0;18;;
210403;0;13;;
210404;0;21;;
210405;0;16;;
210406;0;17;;
210407;0;21;;
210408;0;23;;
210409;0;43;;
210410;0;24;;
210411;0;18;;
210412;0;17;;
210413;0;21;;
210414;0;13;;
210415;0;10;;
210416;0;15;;
210417;0;48;;
210418;0;53;;
210419;0;31;;
210420;0;42;;
210421;0;44;;
210422;0;58;;
210423;0;36;;
210424;0;50;;
210425;0;28;;
210426;0;22;;
210427;0;25;;
210428;0;25;;
210429;0;36;;
210430;0;42;;
210501;0;47;;
210502;0;18;;
210503;0;48;;
210504;0;59;;
210505;0;137;;
210506;0;278;;
210507;0;242;;
210508;0;42;;
210509;0;36;;
210510;0;80;;
210511;0;60;;
210512;0;25;;
210513;0;57;;
210514;0;116;;
210515;0;77;;
210516;0;129;;
210517;0;127;;
210518;0;238;;
210519;0;182;;
210520;0;128;;
210521;0;110;;
210522;0;51;;
210523;0;42;;
210524;0;22;;
210525;0;;;
210526;0;47;;
210527;0;55;;
210528;0;51;;
210529;0;35;;
210530;0;60;;
210531;0;40;;
210601;0;26;;
210602;0;51;;
210603;0;41;;
210604;0;30;;
210605;0;28;;
210606;0;38;;
210607;0;96;;
210608;0;55;;
210609;0;50;;
210610;0;59;;
210611;0;52;;
210612;0;45;;
210613;0;66;;
210614;0;59;;
210615;0;221;;
210616;0;340;;
210617;0;415;;
210618;0;271;;
210619;0;92;;
210620;0;164;;
210621;0;169;;
210622;0;187;;
210623;0;129;;
210624;0;57;;
210625;0;68;;
210626;0;94;;
210627;0;185;;
210628;0;265;;
210629;0;303;;
210630;0;118;;
210701;0;33;;
210702;0;40;;
210703;0;20;;
210704;0;41;;
210705;0;53;;
210706;0;60;;
210707;0;71;;
210708;0;97;;
210709;0;78;;
210710;0;24;;
210711;0;15;;
210712;0;26;;
210713;0;43;;
210714;0;40;;
210715;0;32;;
210716;0;31;;
210717;0;41;;
210718;0;47;;
210719;0;38;;
210720;0;44;;
210721;0;41;;
210722;0;31;;
210723;0;35;;
210724;0;78;;
210725;0;45;;
210726;0;45;;
210727;0;43;;
210728;0;29;;
210729;0;28;;
210730;0;54;;
210731;0;51;;
210801;0;27;;
210802;0;35;;
210803;0;97;;
210804;0;257;;
210805;0;81;;
210806;0;35;;
210807;0;27;;
210808;0;36;;
210809;0;43;;
210810;0;72;;
210811;0;73;;
210812;0;93;;
210813;0;44;;
210814;0;38;;
210815;0;77;;
210816;0;64;;
210817;0;40;;
210818;0;62;;
210819;0;79;;
210820;0;69;;
210821;0;81;;
210822;0;46;;
210823;0;33;;
210824;0;23;;
210825;0;26;;
210826;0;58;;
210827;0;59;;
210828;0;28;;
210829;0;78;;
210830;0;69;;
210831;0;35;;
210901;0;60;;
210902;0;105;;
210903;0;63;;
210904;0;48;;
210905;0;72;;
210906;0;99;;
210907;0;54;;
210908;0;26;;
210909;0;36;;
210910;0;47;;
210911;0;28;;
210912;0;19;;
210913;0;21;;
210914;0;14;;
210915;0;19;;
210916;0;29;;
210917;0;21;;
210918;0;26;;
210919;0;30;;
210920;0;22;;
210921;0;30;;
210922;0;17;;
210923;0;20;;
210924;0;17;;
210925;0;20;;
210926;0;19;;
210927;0;18;;
210928;0;16;;
210929;0;24;;
210930;0;17;;
211001;0;38;;
211002;0;25;;
211003;0;12;;
211004;0;18;;
211005;0;25;;
211006;0;17;;
211007;0;32;;
211008;0;15;;
211009;0;12;;
211010;0;13;;
211011;0;20;;
211012;0;27;;
211013;0;22;;
211014;0;18;;
211015;0;11;;
211016;0;10;;
211017;0;15;;
211018;0;10;;
211019;0;12;;
211020;0;10;;
211021;0;16;;
211022;0;17;;
211023;0;12;;
211024;0;12;;
211025;0;13;;
211026;0;12;;
211027;0;13;;
211028;0;10;;
211029;0;17;;
211030;0;17;;
211031;0;8;;
211101;0;18;;
211102;0;11;;
211103;0;16;;
211104;0;14;;
211105;0;12;;
211106;0;11;;
211107;0;13;;
211108;0;18;;
211109;0;12;;
211110;0;13;;
211111;0;17;;
211112;0;13;;
211113;0;9;;
211114;0;15;;
211115;0;21;;
211116;0;13;;
211117;0;8;;
211118;0;7;;
211119;0;7;;
211120;0;8;;
211121;0;8;;
211122;0;5;;
211123;0;4;;
211124;0;8;;
211125;0;7;;
211126;0;12;;
211127;0;12;;
211128;0;6;;
211129;0;12;;
211130;0;8;;
211201;0;9;;
211202;0;10;;
211203;0;7;;
211204;0;7;;
211205;0;5;;
211206;0;6;;
211207;0;4;;
211208;0;12;;
211209;0;6;;
211210;0;5;;
211211;0;6;;
211212;0;5;;
211213;0;8;;
211214;0;7;;
211215;0;5;;
211216;0;3;;
211217;0;6;;
211218;0;7;;
211219;0;3;;
211220;0;4;;
211221;0;4;;
211222;0;6;;
211223;0;4;;
211224;0;4;;
211225;0;3;;
211226;0;2;;
211227;0;3;;
211228;0;3;;
211229;0;3;;
211230;0;5;;
211231;0;9;;
220101;0;10;;
220102;0;9;;
220103;0;9;;
220104;0;6;;
220105;0;3;;
220106;0;3;;
220107;0;3;;
220108;0;4;;
220109;0;4;;
220110;0;3;;
220111;0;3;;
220112;0;2;;
220113;0;4;;
220114;0;2;;
220115;0;6;;
220116;0;6;;
220117;0;11;;
220118;0;9;;
220119;0;8;;
220120;0;8;;
220121;0;5;;
220122;0;7;;
220123;0;5;;
220124;0;4;;
220125;0;;;10
220126;0;;;5
220127;0;;;5
220128;0;;;5
220129;0;5;;
220130;0;6;;
220131;0;5;;
220201;0;4;;
220202;0;2;;
220203;0;3;;
220204;0;5;;
220205;0;4;;
220206;0;4;;
220207;0;3;;
220208;0;6;;
220209;0;5;;
220210;0;7;;
220211;0;5;;
220212;0;3;;
220213;0;3;;
220214;0;6;;
220215;0;7;;
220216;0;8;;
220217;0;5;;
220218;0;3;;
220219;0;5;;
220220;0;10;;
220221;0;6;;
220222;0;17;;
220223;0;10;;
220224;0;6;;
220225;0;8;;
220226;0;10;;
220227;0;8;;
220228;0;9;;
220301;0;5;;
220302;0;5;;
220303;0;8;;
220304;0;12;;
220305;0;13;;
220306;0;22;;
220307;0;17;;
220308;0;26;;
220309;0;14;;
220310;0;14;;
220311;0;10;;
220312;0;16;;
220313;0;8;;
220314;0;12;;
220315;0;10;;
220316;0;12;;
220317;0;12;;
220318;0;24;;
220319;0;49;;
220320;0;30;;
220321;0;11;;
220322;0;13;;
220323;0;17;;
220324;0;15;;
220325;0;16;;
220326;0;21;;
220327;0;21;;
220328;0;21;;
220329;0;33;;
220330;0;40;;
220331;0;16;;
220401;0;14;;
220402;0;21;;
220403;0;9;;
220404;0;9;;
220405;0;18;;
220406;0;24;;
220407;0;41;;
220408;0;46;;
220409;0;32;;
220410;0;11;;
220411;0;25;;
220412;0;20;;
220413;0;10;;
220414;0;30;;
220415;0;22;;
220416;0;32;;
220417;0;53;;
220418;0;20;;
220419;0;16;;
220420;0;17;;
220421;0;43;;
220422;0;32;;
220423;0;28;;
220424;0;28;;
220425;0;41;;
220426;0;27;;
220427;0;105;;
220428;0;75;;
220429;0;54;;
220430;0;24;;
220501;0;39;;
220502;0;19;;
220503;0;30;;
220504;0;29;;
220505;0;31;;
220506;0;49;;
220507;0;31;;
220508;0;17;;
220509;0;26;;
220510;0;68;;
220511;0;124;;
220512;0;73;;
220513;0;46;;
220514;0;89;;
220515;0;242;;
220516;0;332;;
220517;0;322;;
220518;0;341;;
220519;0;279;;
220520;0;172;;
220521;0;61;;
220522;0;33;;
220523;0;34;;
220524;0;50;;
220525;0;52;;
220526;0;47;;
220527;0;62;;
220528;0;65;;
220529;0;131;;
220530;0;155;;
220531;0;116;;
220601;0;220;;
220602;0;245;;
220603;0;174;;
220604;0;51;;
220605;0;54;;
220606;0;72;;
220607;0;43;;
220608;0;77;;
220609;0;57;;
220610;0;81;;
220611;0;358;;
220612;0;258;;
220613;0;129;;
220614;0;176;;
220615;0;75;;
220616;0;31;;
220617;0;23;;
220618;0;46;;
220619;0;49;;
220620;0;132;;
220621;0;259;;
220622;0;287;;
220623;0;308;;
220624;0;342;;
220625;0;279;;
220626;0;87;;
220627;0;57;;
220628;0;66;;
220629;0;59;;
220630;0;66;;
220701;0;88;;
220702;0;87;;
220703;0;91;;
220704;0;60;;
220705;0;82;;
220706;0;93;;
220707;0;109;;
220708;0;157;;
220709;0;96;;
220710;0;41;;
220711;0;93;;
220712;0;69;;
220713;0;133;;
220714;0;74;;
220715;0;70;;
220716;0;67;;
220717;0;44;;
220718;0;15;;
220719;0;25;;
220720;0;33;;
220721;0;57;;
220722;0;112;;
220723;0;110;;
220724;0;95;;
220725;0;146;;
220726;0;101;;
220727;0;64;;
220728;0;16;;
220729;0;29;;
220730;0;62;;
220731;0;53;;
220801;0;37;;
220802;0;45;;
220803;0;64;;
220804;0;46;;
220805;0;151;;
220806;0;81;;
220807;0;31;;
220808;0;57;;
220809;0;22;;
220810;0;27;;
220811;0;42;;
220812;0;26;;
220813;0;65;;
220814;0;35;;
220815;0;31;;
220816;0;31;;
220817;0;36;;
220818;0;15;;
220819;0;20;;
220820;0;69;;
220821;0;44;;
220822;0;27;;
220823;0;34;;
220824;0;17;;
220825;0;26;;
220826;0;21;;
220827;0;37;;
220828;0;59;;
220829;0;100;;
220830;0;27;;
220831;0;30;;
220901;0;16;;
220902;0;10;;
220903;0;9;;
220904;0;10;;
220905;0;26;;
220906;0;67;;
220907;0;45;;
220908;0;49;;
220909;0;17;;
220910;0;22;;
220911;0;31;;
220912;0;39;;
220913;0;34;;
220914;0;59;;
220915;0;45;;
220916;0;60;;
220917;0;34;;
220918;0;42;;
220919;0;45;;
220920;0;101;;
220921;0;43;;
220922;0;47;;
220923;0;28;;
220924;0;15;;
220925;0;17;;
220926;0;14;;
220927;0;14;;
220928;0;19;;
220929;0;25;;
220930;0;29;;
221001;0;51;;
221002;0;84;;
221003;0;48;;
221004;0;14;;
221005;0;13;;
221006;0;12;;
221007;0;22;;
221008;0;23;;
221009;0;13;;
221010;0;10;;
221011;0;11;;
221012;0;14;;
221013;0;17;;
221014;0;15;;
221015;0;14;;
221016;0;44;;
221017;0;31;;
221018;0;14;;
221019;0;9;;
221020;0;11;;
221021;0;16;;
221022;0;26;;
221023;0;16;;
221024;0;11;;
221025;0;18;;
221026;0;9;;
221027;0;17;;
221028;0;20;;
221029;0;17;;
221030;0;28;;
221031;0;10;;
221101;0;15;;
221102;0;31;;
221103;0;24;;
221104;0;14;;
221105;0;9;;
221106;0;11;;
221107;0;13;;
221108;0;7;;
221109;0;8;;
221110;0;9;;
221111;0;11;;
221112;0;7;;
221113;0;6;;
221114;0;11;;
221115;0;10;;
221116;0;11;;
221117;0;15;;
221118;0;9;;
221119;0;16;;
221120;0;16;;
221121;0;8;;
221122;0;5;;
221123;0;10;;
221124;0;11;;
221125;0;10;;
221126;0;8;;
221127;0;6;;
221128;0;6;;
221129;0;4;;
221130;0;7;;
221201;0;6;;
221202;0;8;;
221203;0;10;;
221204;0;10;;
221205;0;14;;
221206;0;10;;
221207;0;11;;
221208;0;10;;
221209;0;13;;
221210;0;20;;
221211;0;9;;
221212;0;6;;
221213;0;9;;
221214;0;7;;
221215;0;8;;
221216;0;5;;
221217;0;6;;
221218;0;5;;
221219;0;10;;
221220;0;9;;
221221;0;6;;
221222;0;7;;
221223;0;10;;
221224;0;7;;
221225;0;4;;
221226;0;4;;
221227;0;6;;
221228;0;6;;
221229;0;4;;
221230;0;5;;
221231;0;7;;
230101;0;6;;
230102;0;5;;
230103;0;3;;
230104;0;5;;
230105;0;2;;
230106;0;3;;
230107;0;5;;
230108;0;6;;
230109;0;5;;
230110;0;17;;
230111;0;8;;
230112;0;7;;
230113;0;5;;
230114;0;8;;
230115;0;5;;
230116;0;5;;
230117;0;5;;
230118;0;7;;
230119;0;4;;
230120;0;3;;
230121;0;2;;
230122;0;4;;
230123;0;6;;
230124;0;;;4
230125;0;;;4
230126;0;;;4
230127;0;;;5
230128;0;3;;
230129;0;3;;
230130;0;4;;
230131;0;6;;
230201;0;4;;
230202;0;4;;
230203;0;4;;
230204;0;4;;
230205;0;5;;
230206;0;7;;
230207;0;4;;
230208;0;3;;
230209;0;5;;
230210;0;7;;
230211;0;8;;
230212;0;6;;
230213;0;14;;
230214;0;9;;
230215;0;;;11
230216;0;20;;
230217;0;11;;
230218;0;5;;
230219;0;9;;
230220;0;7;;
230221;0;6;;
230222;0;5;;
230223;0;5;;
230224;0;9;;
230225;0;10;;
230226;0;7;;
230227;0;4;;
230228;0;;;
230301;0;;;
230302;0;6;;
230303;0;10;;
230304;0;15;;
230305;0;9;;
230306;0;12;;
230307;0;18;;
230308;0;15;;
230309;0;14;;
230310;0;21;;
230311;0;28;;
230312;0;9;;
230313;0;11;;
230314;0;14;;
230315;0;11;;
230316;0;22;;
230317;0;13;;
230318;0;21;;
230319;0;13;;
230320;0;25;;
230321;0;34;;
230322;0;10;;
230323;0;15;;
230324;0;13;;
230325;0;32;;
230326;0;12;;
230327;0;16;;
230328;0;34;;
230329;0;23;;
230330;0;43;;
230331;0;46;;
230401;0;28;;
230402;0;22;;
230403;0;15;;
230404;0;30;;
230405;0;34;;
230406;0;18;;
230407;0;41;;
230408;0;23;;
230409;0;12;;
230410;0;133;;
230411;0;113;;
230412;0;96;;
230413;0;160;;
230414;0;71;;
